/*
 Navicat Premium Data Transfer

 Source Server         : MySQL
 Source Server Type    : MySQL
 Source Server Version : 50719
 Source Host           : localhost:3306
 Source Schema         : multiauth

 Target Server Type    : MySQL
 Target Server Version : 50719
 File Encoding         : 65001

 Date: 03/07/2018 19:05:53
*/

SET NAMES utf8mb4;
SET FOREIGN_KEY_CHECKS = 0;

-- ----------------------------
-- Table structure for admins
-- ----------------------------
DROP TABLE IF EXISTS `admins`;
CREATE TABLE `admins`  (
  `id` int(10) UNSIGNED NOT NULL AUTO_INCREMENT,
  `image` varchar(255) CHARACTER SET utf8mb4 COLLATE utf8mb4_unicode_ci NULL DEFAULT NULL,
  `name` varchar(191) CHARACTER SET utf8mb4 COLLATE utf8mb4_unicode_ci NOT NULL,
  `email` varchar(191) CHARACTER SET utf8mb4 COLLATE utf8mb4_unicode_ci NOT NULL,
  `password` varchar(60) CHARACTER SET utf8mb4 COLLATE utf8mb4_unicode_ci NOT NULL,
  `remember_token` varchar(100) CHARACTER SET utf8mb4 COLLATE utf8mb4_unicode_ci NULL DEFAULT NULL,
  `status` tinyint(1) NULL DEFAULT 1,
  `created_at` timestamp(0) NULL DEFAULT NULL,
  `updated_at` timestamp(0) NULL DEFAULT NULL,
  PRIMARY KEY (`id`) USING BTREE,
  UNIQUE INDEX `admins_email_unique`(`email`) USING BTREE
) ENGINE = MyISAM AUTO_INCREMENT = 3 CHARACTER SET = utf8mb4 COLLATE = utf8mb4_unicode_ci ROW_FORMAT = Dynamic;

-- ----------------------------
-- Records of admins
-- ----------------------------
INSERT INTO `admins` VALUES (2, NULL, 'Admin', 'admin@admin.com', '$2y$10$SIClclfj3UYh8KwgczE4deDsERAFvkWUPH68pR.24r8JWsG8g4QPq', 'XaSN8dPk0hPLFgft6dWBYsNtEpgQvjKywu8U5sA7U3WNkykavG6mDdsfwovF', 1, '2018-07-03 18:54:42', '2018-07-03 18:54:42');

-- ----------------------------
-- Table structure for ca
-- ----------------------------
DROP TABLE IF EXISTS `ca`;
CREATE TABLE `ca`  (
  `id` int(5) NOT NULL AUTO_INCREMENT,
  `tenca` varchar(20) CHARACTER SET utf8 COLLATE utf8_general_ci NULL DEFAULT NULL,
  `tietso` varchar(20) CHARACTER SET utf8 COLLATE utf8_general_ci NULL DEFAULT NULL COMMENT '123 - 456 - 789 - 012',
  PRIMARY KEY (`id`) USING BTREE
) ENGINE = MyISAM AUTO_INCREMENT = 7 CHARACTER SET = utf8 COLLATE = utf8_general_ci ROW_FORMAT = Dynamic;

-- ----------------------------
-- Records of ca
-- ----------------------------
INSERT INTO `ca` VALUES (1, 'Ca 1', '123------------');
INSERT INTO `ca` VALUES (2, 'Ca 2', '---456---------');
INSERT INTO `ca` VALUES (3, 'Ca 3', '------789------');
INSERT INTO `ca` VALUES (4, 'Ca 4', '---------012---');
INSERT INTO `ca` VALUES (5, 'Ca 5', '------------345');

-- ----------------------------
-- Table structure for chitiet_baotri
-- ----------------------------
DROP TABLE IF EXISTS `chitiet_baotri`;
CREATE TABLE `chitiet_baotri`  (
  `id` int(10) NOT NULL AUTO_INCREMENT,
  `tinhtrangmay_id` int(10) NULL DEFAULT NULL,
  `kythuatvien_id` int(10) NULL DEFAULT NULL,
  PRIMARY KEY (`id`) USING BTREE
) ENGINE = MyISAM AUTO_INCREMENT = 27 CHARACTER SET = utf8mb4 COLLATE = utf8mb4_general_ci ROW_FORMAT = Fixed;

-- ----------------------------
-- Records of chitiet_baotri
-- ----------------------------
INSERT INTO `chitiet_baotri` VALUES (26, 34, 2);
INSERT INTO `chitiet_baotri` VALUES (24, 26, 2);
INSERT INTO `chitiet_baotri` VALUES (22, 24, 2);

-- ----------------------------
-- Table structure for chitiet_ghinhan
-- ----------------------------
DROP TABLE IF EXISTS `chitiet_ghinhan`;
CREATE TABLE `chitiet_ghinhan`  (
  `id` int(10) NOT NULL AUTO_INCREMENT,
  `tinhtrangmay_id` int(10) NULL DEFAULT NULL,
  `giangvien_id` int(10) NULL DEFAULT NULL,
  PRIMARY KEY (`id`) USING BTREE
) ENGINE = MyISAM AUTO_INCREMENT = 5 CHARACTER SET = utf8mb4 COLLATE = utf8mb4_general_ci ROW_FORMAT = Fixed;

-- ----------------------------
-- Records of chitiet_ghinhan
-- ----------------------------
INSERT INTO `chitiet_ghinhan` VALUES (1, 4, 1);
INSERT INTO `chitiet_ghinhan` VALUES (2, 5, 1);
INSERT INTO `chitiet_ghinhan` VALUES (3, 32, 2);
INSERT INTO `chitiet_ghinhan` VALUES (4, 33, 2);

-- ----------------------------
-- Table structure for chitiet_lichday
-- ----------------------------
DROP TABLE IF EXISTS `chitiet_lichday`;
CREATE TABLE `chitiet_lichday`  (
  `id` int(10) NOT NULL AUTO_INCREMENT,
  `hocky_id` varchar(255) CHARACTER SET utf8mb4 COLLATE utf8mb4_general_ci NULL DEFAULT NULL,
  `thu_id` varchar(255) CHARACTER SET utf8mb4 COLLATE utf8mb4_general_ci NULL DEFAULT NULL,
  `ca_id` varchar(255) CHARACTER SET utf8mb4 COLLATE utf8mb4_general_ci NULL DEFAULT NULL,
  `nhomlop_id` varchar(255) CHARACTER SET utf8mb4 COLLATE utf8mb4_general_ci NULL DEFAULT NULL,
  `monhoc_id` varchar(255) CHARACTER SET utf8mb4 COLLATE utf8mb4_general_ci NULL DEFAULT NULL,
  `phongmay_id` varchar(255) CHARACTER SET utf8mb4 COLLATE utf8mb4_general_ci NULL DEFAULT NULL,
  `giangvien_id` varchar(255) CHARACTER SET utf8mb4 COLLATE utf8mb4_general_ci NULL DEFAULT NULL,
  `tuanhoc` text CHARACTER SET utf8mb4 COLLATE utf8mb4_general_ci NULL,
  PRIMARY KEY (`id`) USING BTREE
) ENGINE = MyISAM AUTO_INCREMENT = 189 CHARACTER SET = utf8mb4 COLLATE = utf8mb4_general_ci ROW_FORMAT = Dynamic;

-- ----------------------------
-- Records of chitiet_lichday
-- ----------------------------
INSERT INTO `chitiet_lichday` VALUES (1, '3', '3', '1', '93', '8', '19', '2', '{\"t1\":\"\",\"t2\":\"x\",\"t3\":\"x\",\"t4\":\"\",\"t5\":\"\",\"t6\":\"\",\"t7\":\"x\",\"t8\":\"x\",\"t9\":\"x\",\"t10\":\"x\",\"t11\":\"x\",\"t12\":\"x\",\"t13\":\"x\",\"t14\":\"\",\"t15\":\"\",\"t16\":\"\",\"t17\":\"\",\"t18\":\"\",\"t19\":\"\",\"t20\":\"\",\"t21\":\"\",\"t22\":\"\",\"t23\":\"\",\"t24\":\"\",\"t25\":\"\",\"t26\":\"\",\"t27\":\"\",\"t28\":\"\",\"t29\":\"\",\"t30\":\"\",\"t31\":\"\",\"t32\":\"\",\"t33\":\"\",\"t34\":\"\",\"t35\":\"\",\"t36\":\"\",\"t37\":\"\",\"t38\":\"\",\"t39\":\"\",\"t40\":\"\",\"t41\":\"\",\"t42\":\"\",\"t43\":\"\",\"t44\":\"\",\"t45\":\"\",\"t46\":\"\",\"t47\":\"\",\"t48\":\"\",\"t49\":\"\",\"t50\":\"\",\"t51\":\"\",\"t52\":\"\",\"t53\":\"\",\"t54\":\"\",\"t55\":\"\",\"t56\":\"\",\"t57\":\"\",\"t58\":\"\",\"t59\":\"\",\"t60\":\"\"}');
INSERT INTO `chitiet_lichday` VALUES (2, '3', '3', '2', '93', '8', '19', '2', '{\"t1\":\"\",\"t2\":\"x\",\"t3\":\"x\",\"t4\":\"\",\"t5\":\"\",\"t6\":\"\",\"t7\":\"x\",\"t8\":\"x\",\"t9\":\"x\",\"t10\":\"x\",\"t11\":\"x\",\"t12\":\"x\",\"t13\":\"x\",\"t14\":\"\",\"t15\":\"\",\"t16\":\"\",\"t17\":\"\",\"t18\":\"\",\"t19\":\"\",\"t20\":\"\",\"t21\":\"\",\"t22\":\"\",\"t23\":\"\",\"t24\":\"\",\"t25\":\"\",\"t26\":\"\",\"t27\":\"\",\"t28\":\"\",\"t29\":\"\",\"t30\":\"\",\"t31\":\"\",\"t32\":\"\",\"t33\":\"\",\"t34\":\"\",\"t35\":\"\",\"t36\":\"\",\"t37\":\"\",\"t38\":\"\",\"t39\":\"\",\"t40\":\"\",\"t41\":\"\",\"t42\":\"\",\"t43\":\"\",\"t44\":\"\",\"t45\":\"\",\"t46\":\"\",\"t47\":\"\",\"t48\":\"\",\"t49\":\"\",\"t50\":\"\",\"t51\":\"\",\"t52\":\"\",\"t53\":\"\",\"t54\":\"\",\"t55\":\"\",\"t56\":\"\",\"t57\":\"\",\"t58\":\"\",\"t59\":\"\",\"t60\":\"\"}');
INSERT INTO `chitiet_lichday` VALUES (3, '3', '3', '1', '93', '9', '19', '2', '{\"t1\":\"\",\"t2\":\"\",\"t3\":\"\",\"t4\":\"\",\"t5\":\"\",\"t6\":\"\",\"t7\":\"\",\"t8\":\"\",\"t9\":\"\",\"t10\":\"\",\"t11\":\"\",\"t12\":\"\",\"t13\":\"\",\"t14\":\"x\",\"t15\":\"x\",\"t16\":\"x\",\"t17\":\"x\",\"t18\":\"x\",\"t19\":\"x\",\"t20\":\"\",\"t21\":\"\",\"t22\":\"\",\"t23\":\"\",\"t24\":\"\",\"t25\":\"\",\"t26\":\"\",\"t27\":\"\",\"t28\":\"\",\"t29\":\"\",\"t30\":\"\",\"t31\":\"\",\"t32\":\"\",\"t33\":\"\",\"t34\":\"\",\"t35\":\"\",\"t36\":\"\",\"t37\":\"\",\"t38\":\"\",\"t39\":\"\",\"t40\":\"\",\"t41\":\"\",\"t42\":\"\",\"t43\":\"\",\"t44\":\"\",\"t45\":\"\",\"t46\":\"\",\"t47\":\"\",\"t48\":\"\",\"t49\":\"\",\"t50\":\"\",\"t51\":\"\",\"t52\":\"\",\"t53\":\"\",\"t54\":\"\",\"t55\":\"\",\"t56\":\"\",\"t57\":\"\",\"t58\":\"\",\"t59\":\"\",\"t60\":\"\"}');
INSERT INTO `chitiet_lichday` VALUES (4, '3', '3', '2', '93', '9', '19', '2', '{\"t1\":\"\",\"t2\":\"\",\"t3\":\"\",\"t4\":\"\",\"t5\":\"\",\"t6\":\"\",\"t7\":\"\",\"t8\":\"\",\"t9\":\"\",\"t10\":\"\",\"t11\":\"\",\"t12\":\"\",\"t13\":\"\",\"t14\":\"x\",\"t15\":\"x\",\"t16\":\"x\",\"t17\":\"x\",\"t18\":\"x\",\"t19\":\"x\",\"t20\":\"\",\"t21\":\"\",\"t22\":\"\",\"t23\":\"\",\"t24\":\"\",\"t25\":\"\",\"t26\":\"\",\"t27\":\"\",\"t28\":\"\",\"t29\":\"\",\"t30\":\"\",\"t31\":\"\",\"t32\":\"\",\"t33\":\"\",\"t34\":\"\",\"t35\":\"\",\"t36\":\"\",\"t37\":\"\",\"t38\":\"\",\"t39\":\"\",\"t40\":\"\",\"t41\":\"\",\"t42\":\"\",\"t43\":\"\",\"t44\":\"\",\"t45\":\"\",\"t46\":\"\",\"t47\":\"\",\"t48\":\"\",\"t49\":\"\",\"t50\":\"\",\"t51\":\"\",\"t52\":\"\",\"t53\":\"\",\"t54\":\"\",\"t55\":\"\",\"t56\":\"\",\"t57\":\"\",\"t58\":\"\",\"t59\":\"\",\"t60\":\"\"}');
INSERT INTO `chitiet_lichday` VALUES (5, '3', '4', '3', '94', '8', '24', '2', '{\"t1\":\"x\",\"t2\":\"x\",\"t3\":\"x\",\"t4\":\"\",\"t5\":\"\",\"t6\":\"\",\"t7\":\"x\",\"t8\":\"x\",\"t9\":\"x\",\"t10\":\"x\",\"t11\":\"x\",\"t12\":\"x\",\"t13\":\"\",\"t14\":\"\",\"t15\":\"\",\"t16\":\"\",\"t17\":\"\",\"t18\":\"\",\"t19\":\"\",\"t20\":\"\",\"t21\":\"\",\"t22\":\"\",\"t23\":\"\",\"t24\":\"\",\"t25\":\"\",\"t26\":\"\",\"t27\":\"\",\"t28\":\"\",\"t29\":\"\",\"t30\":\"\",\"t31\":\"\",\"t32\":\"\",\"t33\":\"\",\"t34\":\"\",\"t35\":\"\",\"t36\":\"\",\"t37\":\"\",\"t38\":\"\",\"t39\":\"\",\"t40\":\"\",\"t41\":\"\",\"t42\":\"\",\"t43\":\"\",\"t44\":\"\",\"t45\":\"\",\"t46\":\"\",\"t47\":\"\",\"t48\":\"\",\"t49\":\"\",\"t50\":\"\",\"t51\":\"\",\"t52\":\"\",\"t53\":\"\",\"t54\":\"\",\"t55\":\"\",\"t56\":\"\",\"t57\":\"\",\"t58\":\"\",\"t59\":\"\",\"t60\":\"\"}');
INSERT INTO `chitiet_lichday` VALUES (6, '3', '4', '4', '94', '8', '24', '2', '{\"t1\":\"x\",\"t2\":\"x\",\"t3\":\"x\",\"t4\":\"\",\"t5\":\"\",\"t6\":\"\",\"t7\":\"x\",\"t8\":\"x\",\"t9\":\"x\",\"t10\":\"x\",\"t11\":\"x\",\"t12\":\"x\",\"t13\":\"\",\"t14\":\"\",\"t15\":\"\",\"t16\":\"\",\"t17\":\"\",\"t18\":\"\",\"t19\":\"\",\"t20\":\"\",\"t21\":\"\",\"t22\":\"\",\"t23\":\"\",\"t24\":\"\",\"t25\":\"\",\"t26\":\"\",\"t27\":\"\",\"t28\":\"\",\"t29\":\"\",\"t30\":\"\",\"t31\":\"\",\"t32\":\"\",\"t33\":\"\",\"t34\":\"\",\"t35\":\"\",\"t36\":\"\",\"t37\":\"\",\"t38\":\"\",\"t39\":\"\",\"t40\":\"\",\"t41\":\"\",\"t42\":\"\",\"t43\":\"\",\"t44\":\"\",\"t45\":\"\",\"t46\":\"\",\"t47\":\"\",\"t48\":\"\",\"t49\":\"\",\"t50\":\"\",\"t51\":\"\",\"t52\":\"\",\"t53\":\"\",\"t54\":\"\",\"t55\":\"\",\"t56\":\"\",\"t57\":\"\",\"t58\":\"\",\"t59\":\"\",\"t60\":\"\"}');
INSERT INTO `chitiet_lichday` VALUES (7, '3', '4', '3', '94', '9', '24', '2', '{\"t1\":\"\",\"t2\":\"\",\"t3\":\"\",\"t4\":\"\",\"t5\":\"\",\"t6\":\"\",\"t7\":\"\",\"t8\":\"\",\"t9\":\"\",\"t10\":\"\",\"t11\":\"\",\"t12\":\"\",\"t13\":\"x\",\"t14\":\"x\",\"t15\":\"\",\"t16\":\"x\",\"t17\":\"x\",\"t18\":\"x\",\"t19\":\"x\",\"t20\":\"\",\"t21\":\"\",\"t22\":\"\",\"t23\":\"\",\"t24\":\"\",\"t25\":\"\",\"t26\":\"\",\"t27\":\"\",\"t28\":\"\",\"t29\":\"\",\"t30\":\"\",\"t31\":\"\",\"t32\":\"\",\"t33\":\"\",\"t34\":\"\",\"t35\":\"\",\"t36\":\"\",\"t37\":\"\",\"t38\":\"\",\"t39\":\"\",\"t40\":\"\",\"t41\":\"\",\"t42\":\"\",\"t43\":\"\",\"t44\":\"\",\"t45\":\"\",\"t46\":\"\",\"t47\":\"\",\"t48\":\"\",\"t49\":\"\",\"t50\":\"\",\"t51\":\"\",\"t52\":\"\",\"t53\":\"\",\"t54\":\"\",\"t55\":\"\",\"t56\":\"\",\"t57\":\"\",\"t58\":\"\",\"t59\":\"\",\"t60\":\"\"}');
INSERT INTO `chitiet_lichday` VALUES (8, '3', '4', '4', '94', '9', '24', '2', '{\"t1\":\"\",\"t2\":\"\",\"t3\":\"\",\"t4\":\"\",\"t5\":\"\",\"t6\":\"\",\"t7\":\"\",\"t8\":\"\",\"t9\":\"\",\"t10\":\"\",\"t11\":\"\",\"t12\":\"\",\"t13\":\"x\",\"t14\":\"x\",\"t15\":\"\",\"t16\":\"x\",\"t17\":\"x\",\"t18\":\"x\",\"t19\":\"x\",\"t20\":\"\",\"t21\":\"\",\"t22\":\"\",\"t23\":\"\",\"t24\":\"\",\"t25\":\"\",\"t26\":\"\",\"t27\":\"\",\"t28\":\"\",\"t29\":\"\",\"t30\":\"\",\"t31\":\"\",\"t32\":\"\",\"t33\":\"\",\"t34\":\"\",\"t35\":\"\",\"t36\":\"\",\"t37\":\"\",\"t38\":\"\",\"t39\":\"\",\"t40\":\"\",\"t41\":\"\",\"t42\":\"\",\"t43\":\"\",\"t44\":\"\",\"t45\":\"\",\"t46\":\"\",\"t47\":\"\",\"t48\":\"\",\"t49\":\"\",\"t50\":\"\",\"t51\":\"\",\"t52\":\"\",\"t53\":\"\",\"t54\":\"\",\"t55\":\"\",\"t56\":\"\",\"t57\":\"\",\"t58\":\"\",\"t59\":\"\",\"t60\":\"\"}');
INSERT INTO `chitiet_lichday` VALUES (9, '3', '5', '1', '95', '8', '19', '2', '{\"t1\":\"x\",\"t2\":\"x\",\"t3\":\"x\",\"t4\":\"\",\"t5\":\"\",\"t6\":\"\",\"t7\":\"x\",\"t8\":\"x\",\"t9\":\"x\",\"t10\":\"x\",\"t11\":\"x\",\"t12\":\"x\",\"t13\":\"\",\"t14\":\"\",\"t15\":\"\",\"t16\":\"\",\"t17\":\"\",\"t18\":\"\",\"t19\":\"\",\"t20\":\"\",\"t21\":\"\",\"t22\":\"\",\"t23\":\"\",\"t24\":\"\",\"t25\":\"\",\"t26\":\"\",\"t27\":\"\",\"t28\":\"\",\"t29\":\"\",\"t30\":\"\",\"t31\":\"\",\"t32\":\"\",\"t33\":\"\",\"t34\":\"\",\"t35\":\"\",\"t36\":\"\",\"t37\":\"\",\"t38\":\"\",\"t39\":\"\",\"t40\":\"\",\"t41\":\"\",\"t42\":\"\",\"t43\":\"\",\"t44\":\"\",\"t45\":\"\",\"t46\":\"\",\"t47\":\"\",\"t48\":\"\",\"t49\":\"\",\"t50\":\"\",\"t51\":\"\",\"t52\":\"\",\"t53\":\"\",\"t54\":\"\",\"t55\":\"\",\"t56\":\"\",\"t57\":\"\",\"t58\":\"\",\"t59\":\"\",\"t60\":\"\"}');
INSERT INTO `chitiet_lichday` VALUES (10, '3', '5', '2', '95', '8', '19', '2', '{\"t1\":\"x\",\"t2\":\"x\",\"t3\":\"x\",\"t4\":\"\",\"t5\":\"\",\"t6\":\"\",\"t7\":\"x\",\"t8\":\"x\",\"t9\":\"x\",\"t10\":\"x\",\"t11\":\"x\",\"t12\":\"x\",\"t13\":\"\",\"t14\":\"\",\"t15\":\"\",\"t16\":\"\",\"t17\":\"\",\"t18\":\"\",\"t19\":\"\",\"t20\":\"\",\"t21\":\"\",\"t22\":\"\",\"t23\":\"\",\"t24\":\"\",\"t25\":\"\",\"t26\":\"\",\"t27\":\"\",\"t28\":\"\",\"t29\":\"\",\"t30\":\"\",\"t31\":\"\",\"t32\":\"\",\"t33\":\"\",\"t34\":\"\",\"t35\":\"\",\"t36\":\"\",\"t37\":\"\",\"t38\":\"\",\"t39\":\"\",\"t40\":\"\",\"t41\":\"\",\"t42\":\"\",\"t43\":\"\",\"t44\":\"\",\"t45\":\"\",\"t46\":\"\",\"t47\":\"\",\"t48\":\"\",\"t49\":\"\",\"t50\":\"\",\"t51\":\"\",\"t52\":\"\",\"t53\":\"\",\"t54\":\"\",\"t55\":\"\",\"t56\":\"\",\"t57\":\"\",\"t58\":\"\",\"t59\":\"\",\"t60\":\"\"}');
INSERT INTO `chitiet_lichday` VALUES (11, '3', '5', '1', '95', '9', '19', '2', '{\"t1\":\"\",\"t2\":\"\",\"t3\":\"\",\"t4\":\"\",\"t5\":\"\",\"t6\":\"\",\"t7\":\"\",\"t8\":\"\",\"t9\":\"\",\"t10\":\"\",\"t11\":\"\",\"t12\":\"\",\"t13\":\"x\",\"t14\":\"x\",\"t15\":\"x\",\"t16\":\"x\",\"t17\":\"x\",\"t18\":\"x\",\"t19\":\"\",\"t20\":\"\",\"t21\":\"\",\"t22\":\"\",\"t23\":\"\",\"t24\":\"\",\"t25\":\"\",\"t26\":\"\",\"t27\":\"\",\"t28\":\"\",\"t29\":\"\",\"t30\":\"\",\"t31\":\"\",\"t32\":\"\",\"t33\":\"\",\"t34\":\"\",\"t35\":\"\",\"t36\":\"\",\"t37\":\"\",\"t38\":\"\",\"t39\":\"\",\"t40\":\"\",\"t41\":\"\",\"t42\":\"\",\"t43\":\"\",\"t44\":\"\",\"t45\":\"\",\"t46\":\"\",\"t47\":\"\",\"t48\":\"\",\"t49\":\"\",\"t50\":\"\",\"t51\":\"\",\"t52\":\"\",\"t53\":\"\",\"t54\":\"\",\"t55\":\"\",\"t56\":\"\",\"t57\":\"\",\"t58\":\"\",\"t59\":\"\",\"t60\":\"\"}');
INSERT INTO `chitiet_lichday` VALUES (12, '3', '5', '2', '95', '9', '19', '2', '{\"t1\":\"\",\"t2\":\"\",\"t3\":\"\",\"t4\":\"\",\"t5\":\"\",\"t6\":\"\",\"t7\":\"\",\"t8\":\"\",\"t9\":\"\",\"t10\":\"\",\"t11\":\"\",\"t12\":\"\",\"t13\":\"x\",\"t14\":\"x\",\"t15\":\"x\",\"t16\":\"x\",\"t17\":\"x\",\"t18\":\"x\",\"t19\":\"\",\"t20\":\"\",\"t21\":\"\",\"t22\":\"\",\"t23\":\"\",\"t24\":\"\",\"t25\":\"\",\"t26\":\"\",\"t27\":\"\",\"t28\":\"\",\"t29\":\"\",\"t30\":\"\",\"t31\":\"\",\"t32\":\"\",\"t33\":\"\",\"t34\":\"\",\"t35\":\"\",\"t36\":\"\",\"t37\":\"\",\"t38\":\"\",\"t39\":\"\",\"t40\":\"\",\"t41\":\"\",\"t42\":\"\",\"t43\":\"\",\"t44\":\"\",\"t45\":\"\",\"t46\":\"\",\"t47\":\"\",\"t48\":\"\",\"t49\":\"\",\"t50\":\"\",\"t51\":\"\",\"t52\":\"\",\"t53\":\"\",\"t54\":\"\",\"t55\":\"\",\"t56\":\"\",\"t57\":\"\",\"t58\":\"\",\"t59\":\"\",\"t60\":\"\"}');
INSERT INTO `chitiet_lichday` VALUES (13, '3', '6', '3', '96', '8', '18', '2', '{\"t1\":\"x\",\"t2\":\"x\",\"t3\":\"x\",\"t4\":\"\",\"t5\":\"\",\"t6\":\"\",\"t7\":\"x\",\"t8\":\"x\",\"t9\":\"x\",\"t10\":\"x\",\"t11\":\"x\",\"t12\":\"x\",\"t13\":\"\",\"t14\":\"\",\"t15\":\"\",\"t16\":\"\",\"t17\":\"\",\"t18\":\"\",\"t19\":\"\",\"t20\":\"\",\"t21\":\"\",\"t22\":\"\",\"t23\":\"\",\"t24\":\"\",\"t25\":\"\",\"t26\":\"\",\"t27\":\"\",\"t28\":\"\",\"t29\":\"\",\"t30\":\"\",\"t31\":\"\",\"t32\":\"\",\"t33\":\"\",\"t34\":\"\",\"t35\":\"\",\"t36\":\"\",\"t37\":\"\",\"t38\":\"\",\"t39\":\"\",\"t40\":\"\",\"t41\":\"\",\"t42\":\"\",\"t43\":\"\",\"t44\":\"\",\"t45\":\"\",\"t46\":\"\",\"t47\":\"\",\"t48\":\"\",\"t49\":\"\",\"t50\":\"\",\"t51\":\"\",\"t52\":\"\",\"t53\":\"\",\"t54\":\"\",\"t55\":\"\",\"t56\":\"\",\"t57\":\"\",\"t58\":\"\",\"t59\":\"\",\"t60\":\"\"}');
INSERT INTO `chitiet_lichday` VALUES (14, '3', '6', '4', '96', '8', '18', '2', '{\"t1\":\"x\",\"t2\":\"x\",\"t3\":\"x\",\"t4\":\"\",\"t5\":\"\",\"t6\":\"\",\"t7\":\"x\",\"t8\":\"x\",\"t9\":\"x\",\"t10\":\"x\",\"t11\":\"x\",\"t12\":\"x\",\"t13\":\"\",\"t14\":\"\",\"t15\":\"\",\"t16\":\"\",\"t17\":\"\",\"t18\":\"\",\"t19\":\"\",\"t20\":\"\",\"t21\":\"\",\"t22\":\"\",\"t23\":\"\",\"t24\":\"\",\"t25\":\"\",\"t26\":\"\",\"t27\":\"\",\"t28\":\"\",\"t29\":\"\",\"t30\":\"\",\"t31\":\"\",\"t32\":\"\",\"t33\":\"\",\"t34\":\"\",\"t35\":\"\",\"t36\":\"\",\"t37\":\"\",\"t38\":\"\",\"t39\":\"\",\"t40\":\"\",\"t41\":\"\",\"t42\":\"\",\"t43\":\"\",\"t44\":\"\",\"t45\":\"\",\"t46\":\"\",\"t47\":\"\",\"t48\":\"\",\"t49\":\"\",\"t50\":\"\",\"t51\":\"\",\"t52\":\"\",\"t53\":\"\",\"t54\":\"\",\"t55\":\"\",\"t56\":\"\",\"t57\":\"\",\"t58\":\"\",\"t59\":\"\",\"t60\":\"\"}');
INSERT INTO `chitiet_lichday` VALUES (15, '3', '6', '3', '96', '9', '19', '2', '{\"t1\":\"\",\"t2\":\"\",\"t3\":\"\",\"t4\":\"\",\"t5\":\"\",\"t6\":\"\",\"t7\":\"\",\"t8\":\"\",\"t9\":\"\",\"t10\":\"\",\"t11\":\"\",\"t12\":\"\",\"t13\":\"x\",\"t14\":\"x\",\"t15\":\"x\",\"t16\":\"x\",\"t17\":\"x\",\"t18\":\"x\",\"t19\":\"\",\"t20\":\"\",\"t21\":\"\",\"t22\":\"\",\"t23\":\"\",\"t24\":\"\",\"t25\":\"\",\"t26\":\"\",\"t27\":\"\",\"t28\":\"\",\"t29\":\"\",\"t30\":\"\",\"t31\":\"\",\"t32\":\"\",\"t33\":\"\",\"t34\":\"\",\"t35\":\"\",\"t36\":\"\",\"t37\":\"\",\"t38\":\"\",\"t39\":\"\",\"t40\":\"\",\"t41\":\"\",\"t42\":\"\",\"t43\":\"\",\"t44\":\"\",\"t45\":\"\",\"t46\":\"\",\"t47\":\"\",\"t48\":\"\",\"t49\":\"\",\"t50\":\"\",\"t51\":\"\",\"t52\":\"\",\"t53\":\"\",\"t54\":\"\",\"t55\":\"\",\"t56\":\"\",\"t57\":\"\",\"t58\":\"\",\"t59\":\"\",\"t60\":\"\"}');
INSERT INTO `chitiet_lichday` VALUES (16, '3', '6', '4', '96', '9', '19', '2', '{\"t1\":\"\",\"t2\":\"\",\"t3\":\"\",\"t4\":\"\",\"t5\":\"\",\"t6\":\"\",\"t7\":\"\",\"t8\":\"\",\"t9\":\"\",\"t10\":\"\",\"t11\":\"\",\"t12\":\"\",\"t13\":\"x\",\"t14\":\"x\",\"t15\":\"x\",\"t16\":\"x\",\"t17\":\"x\",\"t18\":\"x\",\"t19\":\"\",\"t20\":\"\",\"t21\":\"\",\"t22\":\"\",\"t23\":\"\",\"t24\":\"\",\"t25\":\"\",\"t26\":\"\",\"t27\":\"\",\"t28\":\"\",\"t29\":\"\",\"t30\":\"\",\"t31\":\"\",\"t32\":\"\",\"t33\":\"\",\"t34\":\"\",\"t35\":\"\",\"t36\":\"\",\"t37\":\"\",\"t38\":\"\",\"t39\":\"\",\"t40\":\"\",\"t41\":\"\",\"t42\":\"\",\"t43\":\"\",\"t44\":\"\",\"t45\":\"\",\"t46\":\"\",\"t47\":\"\",\"t48\":\"\",\"t49\":\"\",\"t50\":\"\",\"t51\":\"\",\"t52\":\"\",\"t53\":\"\",\"t54\":\"\",\"t55\":\"\",\"t56\":\"\",\"t57\":\"\",\"t58\":\"\",\"t59\":\"\",\"t60\":\"\"}');
INSERT INTO `chitiet_lichday` VALUES (17, '3', '7', '1', '97', '8', '19', '2', '{\"t1\":\"x\",\"t2\":\"x\",\"t3\":\"x\",\"t4\":\"\",\"t5\":\"\",\"t6\":\"\",\"t7\":\"x\",\"t8\":\"x\",\"t9\":\"x\",\"t10\":\"x\",\"t11\":\"x\",\"t12\":\"x\",\"t13\":\"\",\"t14\":\"\",\"t15\":\"\",\"t16\":\"\",\"t17\":\"\",\"t18\":\"\",\"t19\":\"\",\"t20\":\"\",\"t21\":\"\",\"t22\":\"\",\"t23\":\"\",\"t24\":\"\",\"t25\":\"\",\"t26\":\"\",\"t27\":\"\",\"t28\":\"\",\"t29\":\"\",\"t30\":\"\",\"t31\":\"\",\"t32\":\"\",\"t33\":\"\",\"t34\":\"\",\"t35\":\"\",\"t36\":\"\",\"t37\":\"\",\"t38\":\"\",\"t39\":\"\",\"t40\":\"\",\"t41\":\"\",\"t42\":\"\",\"t43\":\"\",\"t44\":\"\",\"t45\":\"\",\"t46\":\"\",\"t47\":\"\",\"t48\":\"\",\"t49\":\"\",\"t50\":\"\",\"t51\":\"\",\"t52\":\"\",\"t53\":\"\",\"t54\":\"\",\"t55\":\"\",\"t56\":\"\",\"t57\":\"\",\"t58\":\"\",\"t59\":\"\",\"t60\":\"\"}');
INSERT INTO `chitiet_lichday` VALUES (18, '3', '7', '2', '97', '8', '19', '2', '{\"t1\":\"x\",\"t2\":\"x\",\"t3\":\"x\",\"t4\":\"\",\"t5\":\"\",\"t6\":\"\",\"t7\":\"x\",\"t8\":\"x\",\"t9\":\"x\",\"t10\":\"x\",\"t11\":\"x\",\"t12\":\"x\",\"t13\":\"\",\"t14\":\"\",\"t15\":\"\",\"t16\":\"\",\"t17\":\"\",\"t18\":\"\",\"t19\":\"\",\"t20\":\"\",\"t21\":\"\",\"t22\":\"\",\"t23\":\"\",\"t24\":\"\",\"t25\":\"\",\"t26\":\"\",\"t27\":\"\",\"t28\":\"\",\"t29\":\"\",\"t30\":\"\",\"t31\":\"\",\"t32\":\"\",\"t33\":\"\",\"t34\":\"\",\"t35\":\"\",\"t36\":\"\",\"t37\":\"\",\"t38\":\"\",\"t39\":\"\",\"t40\":\"\",\"t41\":\"\",\"t42\":\"\",\"t43\":\"\",\"t44\":\"\",\"t45\":\"\",\"t46\":\"\",\"t47\":\"\",\"t48\":\"\",\"t49\":\"\",\"t50\":\"\",\"t51\":\"\",\"t52\":\"\",\"t53\":\"\",\"t54\":\"\",\"t55\":\"\",\"t56\":\"\",\"t57\":\"\",\"t58\":\"\",\"t59\":\"\",\"t60\":\"\"}');
INSERT INTO `chitiet_lichday` VALUES (19, '3', '7', '1', '97', '9', '19', '2', '{\"t1\":\"\",\"t2\":\"\",\"t3\":\"\",\"t4\":\"\",\"t5\":\"\",\"t6\":\"\",\"t7\":\"\",\"t8\":\"\",\"t9\":\"\",\"t10\":\"\",\"t11\":\"\",\"t12\":\"\",\"t13\":\"x\",\"t14\":\"x\",\"t15\":\"x\",\"t16\":\"x\",\"t17\":\"x\",\"t18\":\"x\",\"t19\":\"\",\"t20\":\"\",\"t21\":\"\",\"t22\":\"\",\"t23\":\"\",\"t24\":\"\",\"t25\":\"\",\"t26\":\"\",\"t27\":\"\",\"t28\":\"\",\"t29\":\"\",\"t30\":\"\",\"t31\":\"\",\"t32\":\"\",\"t33\":\"\",\"t34\":\"\",\"t35\":\"\",\"t36\":\"\",\"t37\":\"\",\"t38\":\"\",\"t39\":\"\",\"t40\":\"\",\"t41\":\"\",\"t42\":\"\",\"t43\":\"\",\"t44\":\"\",\"t45\":\"\",\"t46\":\"\",\"t47\":\"\",\"t48\":\"\",\"t49\":\"\",\"t50\":\"\",\"t51\":\"\",\"t52\":\"\",\"t53\":\"\",\"t54\":\"\",\"t55\":\"\",\"t56\":\"\",\"t57\":\"\",\"t58\":\"\",\"t59\":\"\",\"t60\":\"\"}');
INSERT INTO `chitiet_lichday` VALUES (20, '3', '7', '2', '97', '9', '19', '2', '{\"t1\":\"\",\"t2\":\"\",\"t3\":\"\",\"t4\":\"\",\"t5\":\"\",\"t6\":\"\",\"t7\":\"\",\"t8\":\"\",\"t9\":\"\",\"t10\":\"\",\"t11\":\"\",\"t12\":\"\",\"t13\":\"x\",\"t14\":\"x\",\"t15\":\"x\",\"t16\":\"x\",\"t17\":\"x\",\"t18\":\"x\",\"t19\":\"\",\"t20\":\"\",\"t21\":\"\",\"t22\":\"\",\"t23\":\"\",\"t24\":\"\",\"t25\":\"\",\"t26\":\"\",\"t27\":\"\",\"t28\":\"\",\"t29\":\"\",\"t30\":\"\",\"t31\":\"\",\"t32\":\"\",\"t33\":\"\",\"t34\":\"\",\"t35\":\"\",\"t36\":\"\",\"t37\":\"\",\"t38\":\"\",\"t39\":\"\",\"t40\":\"\",\"t41\":\"\",\"t42\":\"\",\"t43\":\"\",\"t44\":\"\",\"t45\":\"\",\"t46\":\"\",\"t47\":\"\",\"t48\":\"\",\"t49\":\"\",\"t50\":\"\",\"t51\":\"\",\"t52\":\"\",\"t53\":\"\",\"t54\":\"\",\"t55\":\"\",\"t56\":\"\",\"t57\":\"\",\"t58\":\"\",\"t59\":\"\",\"t60\":\"\"}');
INSERT INTO `chitiet_lichday` VALUES (21, '3', '3', '3', '98', '10', '19', '3', '{\"t1\":\"\",\"t2\":\"x\",\"t3\":\"x\",\"t4\":\"\",\"t5\":\"\",\"t6\":\"\",\"t7\":\"x\",\"t8\":\"x\",\"t9\":\"x\",\"t10\":\"x\",\"t11\":\"x\",\"t12\":\"x\",\"t13\":\"x\",\"t14\":\"x\",\"t15\":\"x\",\"t16\":\"x\",\"t17\":\"\",\"t18\":\"\",\"t19\":\"\",\"t20\":\"\",\"t21\":\"\",\"t22\":\"\",\"t23\":\"\",\"t24\":\"\",\"t25\":\"\",\"t26\":\"\",\"t27\":\"\",\"t28\":\"\",\"t29\":\"\",\"t30\":\"\",\"t31\":\"\",\"t32\":\"\",\"t33\":\"\",\"t34\":\"\",\"t35\":\"\",\"t36\":\"\",\"t37\":\"\",\"t38\":\"\",\"t39\":\"\",\"t40\":\"\",\"t41\":\"\",\"t42\":\"\",\"t43\":\"\",\"t44\":\"\",\"t45\":\"\",\"t46\":\"\",\"t47\":\"\",\"t48\":\"\",\"t49\":\"\",\"t50\":\"\",\"t51\":\"\",\"t52\":\"\",\"t53\":\"\",\"t54\":\"\",\"t55\":\"\",\"t56\":\"\",\"t57\":\"\",\"t58\":\"\",\"t59\":\"\",\"t60\":\"\"}');
INSERT INTO `chitiet_lichday` VALUES (22, '3', '3', '4', '98', '10', '19', '3', '{\"t1\":\"\",\"t2\":\"x\",\"t3\":\"x\",\"t4\":\"\",\"t5\":\"\",\"t6\":\"\",\"t7\":\"x\",\"t8\":\"x\",\"t9\":\"x\",\"t10\":\"x\",\"t11\":\"x\",\"t12\":\"x\",\"t13\":\"x\",\"t14\":\"x\",\"t15\":\"x\",\"t16\":\"x\",\"t17\":\"\",\"t18\":\"\",\"t19\":\"\",\"t20\":\"\",\"t21\":\"\",\"t22\":\"\",\"t23\":\"\",\"t24\":\"\",\"t25\":\"\",\"t26\":\"\",\"t27\":\"\",\"t28\":\"\",\"t29\":\"\",\"t30\":\"\",\"t31\":\"\",\"t32\":\"\",\"t33\":\"\",\"t34\":\"\",\"t35\":\"\",\"t36\":\"\",\"t37\":\"\",\"t38\":\"\",\"t39\":\"\",\"t40\":\"\",\"t41\":\"\",\"t42\":\"\",\"t43\":\"\",\"t44\":\"\",\"t45\":\"\",\"t46\":\"\",\"t47\":\"\",\"t48\":\"\",\"t49\":\"\",\"t50\":\"\",\"t51\":\"\",\"t52\":\"\",\"t53\":\"\",\"t54\":\"\",\"t55\":\"\",\"t56\":\"\",\"t57\":\"\",\"t58\":\"\",\"t59\":\"\",\"t60\":\"\"}');
INSERT INTO `chitiet_lichday` VALUES (23, '3', '7', '3', '99', '10', '19', '3', '{\"t1\":\"x\",\"t2\":\"x\",\"t3\":\"x\",\"t4\":\"\",\"t5\":\"\",\"t6\":\"\",\"t7\":\"x\",\"t8\":\"x\",\"t9\":\"x\",\"t10\":\"x\",\"t11\":\"x\",\"t12\":\"x\",\"t13\":\"x\",\"t14\":\"x\",\"t15\":\"x\",\"t16\":\"\",\"t17\":\"\",\"t18\":\"\",\"t19\":\"\",\"t20\":\"\",\"t21\":\"\",\"t22\":\"\",\"t23\":\"\",\"t24\":\"\",\"t25\":\"\",\"t26\":\"\",\"t27\":\"\",\"t28\":\"\",\"t29\":\"\",\"t30\":\"\",\"t31\":\"\",\"t32\":\"\",\"t33\":\"\",\"t34\":\"\",\"t35\":\"\",\"t36\":\"\",\"t37\":\"\",\"t38\":\"\",\"t39\":\"\",\"t40\":\"\",\"t41\":\"\",\"t42\":\"\",\"t43\":\"\",\"t44\":\"\",\"t45\":\"\",\"t46\":\"\",\"t47\":\"\",\"t48\":\"\",\"t49\":\"\",\"t50\":\"\",\"t51\":\"\",\"t52\":\"\",\"t53\":\"\",\"t54\":\"\",\"t55\":\"\",\"t56\":\"\",\"t57\":\"\",\"t58\":\"\",\"t59\":\"\",\"t60\":\"\"}');
INSERT INTO `chitiet_lichday` VALUES (24, '3', '7', '4', '99', '10', '19', '3', '{\"t1\":\"x\",\"t2\":\"x\",\"t3\":\"x\",\"t4\":\"\",\"t5\":\"\",\"t6\":\"\",\"t7\":\"x\",\"t8\":\"x\",\"t9\":\"x\",\"t10\":\"x\",\"t11\":\"x\",\"t12\":\"x\",\"t13\":\"x\",\"t14\":\"x\",\"t15\":\"x\",\"t16\":\"\",\"t17\":\"\",\"t18\":\"\",\"t19\":\"\",\"t20\":\"\",\"t21\":\"\",\"t22\":\"\",\"t23\":\"\",\"t24\":\"\",\"t25\":\"\",\"t26\":\"\",\"t27\":\"\",\"t28\":\"\",\"t29\":\"\",\"t30\":\"\",\"t31\":\"\",\"t32\":\"\",\"t33\":\"\",\"t34\":\"\",\"t35\":\"\",\"t36\":\"\",\"t37\":\"\",\"t38\":\"\",\"t39\":\"\",\"t40\":\"\",\"t41\":\"\",\"t42\":\"\",\"t43\":\"\",\"t44\":\"\",\"t45\":\"\",\"t46\":\"\",\"t47\":\"\",\"t48\":\"\",\"t49\":\"\",\"t50\":\"\",\"t51\":\"\",\"t52\":\"\",\"t53\":\"\",\"t54\":\"\",\"t55\":\"\",\"t56\":\"\",\"t57\":\"\",\"t58\":\"\",\"t59\":\"\",\"t60\":\"\"}');
INSERT INTO `chitiet_lichday` VALUES (25, '3', '4', '1', '100', '11', '25', '4', '{\"t1\":\"x\",\"t2\":\"x\",\"t3\":\"x\",\"t4\":\"\",\"t5\":\"\",\"t6\":\"\",\"t7\":\"x\",\"t8\":\"x\",\"t9\":\"x\",\"t10\":\"x\",\"t11\":\"x\",\"t12\":\"x\",\"t13\":\"x\",\"t14\":\"x\",\"t15\":\"\",\"t16\":\"x\",\"t17\":\"x\",\"t18\":\"x\",\"t19\":\"x\",\"t20\":\"\",\"t21\":\"\",\"t22\":\"\",\"t23\":\"\",\"t24\":\"\",\"t25\":\"\",\"t26\":\"\",\"t27\":\"\",\"t28\":\"\",\"t29\":\"\",\"t30\":\"\",\"t31\":\"\",\"t32\":\"\",\"t33\":\"\",\"t34\":\"\",\"t35\":\"\",\"t36\":\"\",\"t37\":\"\",\"t38\":\"\",\"t39\":\"\",\"t40\":\"\",\"t41\":\"\",\"t42\":\"\",\"t43\":\"\",\"t44\":\"\",\"t45\":\"\",\"t46\":\"\",\"t47\":\"\",\"t48\":\"\",\"t49\":\"\",\"t50\":\"\",\"t51\":\"\",\"t52\":\"\",\"t53\":\"\",\"t54\":\"\",\"t55\":\"\",\"t56\":\"\",\"t57\":\"\",\"t58\":\"\",\"t59\":\"\",\"t60\":\"\"}');
INSERT INTO `chitiet_lichday` VALUES (26, '3', '4', '2', '101', '11', '25', '4', '{\"t1\":\"x\",\"t2\":\"x\",\"t3\":\"x\",\"t4\":\"\",\"t5\":\"\",\"t6\":\"\",\"t7\":\"x\",\"t8\":\"x\",\"t9\":\"x\",\"t10\":\"x\",\"t11\":\"x\",\"t12\":\"x\",\"t13\":\"x\",\"t14\":\"x\",\"t15\":\"\",\"t16\":\"x\",\"t17\":\"x\",\"t18\":\"x\",\"t19\":\"x\",\"t20\":\"\",\"t21\":\"\",\"t22\":\"\",\"t23\":\"\",\"t24\":\"\",\"t25\":\"\",\"t26\":\"\",\"t27\":\"\",\"t28\":\"\",\"t29\":\"\",\"t30\":\"\",\"t31\":\"\",\"t32\":\"\",\"t33\":\"\",\"t34\":\"\",\"t35\":\"\",\"t36\":\"\",\"t37\":\"\",\"t38\":\"\",\"t39\":\"\",\"t40\":\"\",\"t41\":\"\",\"t42\":\"\",\"t43\":\"\",\"t44\":\"\",\"t45\":\"\",\"t46\":\"\",\"t47\":\"\",\"t48\":\"\",\"t49\":\"\",\"t50\":\"\",\"t51\":\"\",\"t52\":\"\",\"t53\":\"\",\"t54\":\"\",\"t55\":\"\",\"t56\":\"\",\"t57\":\"\",\"t58\":\"\",\"t59\":\"\",\"t60\":\"\"}');
INSERT INTO `chitiet_lichday` VALUES (27, '3', '7', '1', '102', '11', '23', '4', '{\"t1\":\"x\",\"t2\":\"x\",\"t3\":\"x\",\"t4\":\"\",\"t5\":\"\",\"t6\":\"\",\"t7\":\"x\",\"t8\":\"x\",\"t9\":\"x\",\"t10\":\"x\",\"t11\":\"x\",\"t12\":\"x\",\"t13\":\"x\",\"t14\":\"x\",\"t15\":\"x\",\"t16\":\"x\",\"t17\":\"x\",\"t18\":\"x\",\"t19\":\"\",\"t20\":\"\",\"t21\":\"\",\"t22\":\"\",\"t23\":\"\",\"t24\":\"\",\"t25\":\"\",\"t26\":\"\",\"t27\":\"\",\"t28\":\"\",\"t29\":\"\",\"t30\":\"\",\"t31\":\"\",\"t32\":\"\",\"t33\":\"\",\"t34\":\"\",\"t35\":\"\",\"t36\":\"\",\"t37\":\"\",\"t38\":\"\",\"t39\":\"\",\"t40\":\"\",\"t41\":\"\",\"t42\":\"\",\"t43\":\"\",\"t44\":\"\",\"t45\":\"\",\"t46\":\"\",\"t47\":\"\",\"t48\":\"\",\"t49\":\"\",\"t50\":\"\",\"t51\":\"\",\"t52\":\"\",\"t53\":\"\",\"t54\":\"\",\"t55\":\"\",\"t56\":\"\",\"t57\":\"\",\"t58\":\"\",\"t59\":\"\",\"t60\":\"\"}');
INSERT INTO `chitiet_lichday` VALUES (28, '3', '7', '2', '103', '11', '23', '4', '{\"t1\":\"x\",\"t2\":\"x\",\"t3\":\"x\",\"t4\":\"\",\"t5\":\"\",\"t6\":\"\",\"t7\":\"x\",\"t8\":\"x\",\"t9\":\"x\",\"t10\":\"x\",\"t11\":\"x\",\"t12\":\"x\",\"t13\":\"x\",\"t14\":\"x\",\"t15\":\"x\",\"t16\":\"x\",\"t17\":\"x\",\"t18\":\"x\",\"t19\":\"\",\"t20\":\"\",\"t21\":\"\",\"t22\":\"\",\"t23\":\"\",\"t24\":\"\",\"t25\":\"\",\"t26\":\"\",\"t27\":\"\",\"t28\":\"\",\"t29\":\"\",\"t30\":\"\",\"t31\":\"\",\"t32\":\"\",\"t33\":\"\",\"t34\":\"\",\"t35\":\"\",\"t36\":\"\",\"t37\":\"\",\"t38\":\"\",\"t39\":\"\",\"t40\":\"\",\"t41\":\"\",\"t42\":\"\",\"t43\":\"\",\"t44\":\"\",\"t45\":\"\",\"t46\":\"\",\"t47\":\"\",\"t48\":\"\",\"t49\":\"\",\"t50\":\"\",\"t51\":\"\",\"t52\":\"\",\"t53\":\"\",\"t54\":\"\",\"t55\":\"\",\"t56\":\"\",\"t57\":\"\",\"t58\":\"\",\"t59\":\"\",\"t60\":\"\"}');
INSERT INTO `chitiet_lichday` VALUES (29, '3', '3', '1', '104', '12', '18', '5', '{\"t1\":\"\",\"t2\":\"\",\"t3\":\"\",\"t4\":\"\",\"t5\":\"\",\"t6\":\"\",\"t7\":\"x\",\"t8\":\"x\",\"t9\":\"x\",\"t10\":\"x\",\"t11\":\"x\",\"t12\":\"x\",\"t13\":\"x\",\"t14\":\"x\",\"t15\":\"x\",\"t16\":\"x\",\"t17\":\"\",\"t18\":\"\",\"t19\":\"\",\"t20\":\"\",\"t21\":\"\",\"t22\":\"\",\"t23\":\"\",\"t24\":\"\",\"t25\":\"\",\"t26\":\"\",\"t27\":\"\",\"t28\":\"\",\"t29\":\"\",\"t30\":\"\",\"t31\":\"\",\"t32\":\"\",\"t33\":\"\",\"t34\":\"\",\"t35\":\"\",\"t36\":\"\",\"t37\":\"\",\"t38\":\"\",\"t39\":\"\",\"t40\":\"\",\"t41\":\"\",\"t42\":\"\",\"t43\":\"\",\"t44\":\"\",\"t45\":\"\",\"t46\":\"\",\"t47\":\"\",\"t48\":\"\",\"t49\":\"\",\"t50\":\"\",\"t51\":\"\",\"t52\":\"\",\"t53\":\"\",\"t54\":\"\",\"t55\":\"\",\"t56\":\"\",\"t57\":\"\",\"t58\":\"\",\"t59\":\"\",\"t60\":\"\"}');
INSERT INTO `chitiet_lichday` VALUES (30, '3', '5', '1', '105', '12', '21', '5', '{\"t1\":\"\",\"t2\":\"\",\"t3\":\"\",\"t4\":\"\",\"t5\":\"\",\"t6\":\"\",\"t7\":\"x\",\"t8\":\"x\",\"t9\":\"x\",\"t10\":\"x\",\"t11\":\"x\",\"t12\":\"x\",\"t13\":\"x\",\"t14\":\"x\",\"t15\":\"x\",\"t16\":\"x\",\"t17\":\"\",\"t18\":\"\",\"t19\":\"\",\"t20\":\"\",\"t21\":\"\",\"t22\":\"\",\"t23\":\"\",\"t24\":\"\",\"t25\":\"\",\"t26\":\"\",\"t27\":\"\",\"t28\":\"\",\"t29\":\"\",\"t30\":\"\",\"t31\":\"\",\"t32\":\"\",\"t33\":\"\",\"t34\":\"\",\"t35\":\"\",\"t36\":\"\",\"t37\":\"\",\"t38\":\"\",\"t39\":\"\",\"t40\":\"\",\"t41\":\"\",\"t42\":\"\",\"t43\":\"\",\"t44\":\"\",\"t45\":\"\",\"t46\":\"\",\"t47\":\"\",\"t48\":\"\",\"t49\":\"\",\"t50\":\"\",\"t51\":\"\",\"t52\":\"\",\"t53\":\"\",\"t54\":\"\",\"t55\":\"\",\"t56\":\"\",\"t57\":\"\",\"t58\":\"\",\"t59\":\"\",\"t60\":\"\"}');
INSERT INTO `chitiet_lichday` VALUES (31, '3', '6', '1', '106', '12', '19', '5', '{\"t1\":\"\",\"t2\":\"\",\"t3\":\"\",\"t4\":\"\",\"t5\":\"\",\"t6\":\"\",\"t7\":\"x\",\"t8\":\"x\",\"t9\":\"x\",\"t10\":\"x\",\"t11\":\"x\",\"t12\":\"x\",\"t13\":\"x\",\"t14\":\"x\",\"t15\":\"x\",\"t16\":\"x\",\"t17\":\"\",\"t18\":\"\",\"t19\":\"\",\"t20\":\"\",\"t21\":\"\",\"t22\":\"\",\"t23\":\"\",\"t24\":\"\",\"t25\":\"\",\"t26\":\"\",\"t27\":\"\",\"t28\":\"\",\"t29\":\"\",\"t30\":\"\",\"t31\":\"\",\"t32\":\"\",\"t33\":\"\",\"t34\":\"\",\"t35\":\"\",\"t36\":\"\",\"t37\":\"\",\"t38\":\"\",\"t39\":\"\",\"t40\":\"\",\"t41\":\"\",\"t42\":\"\",\"t43\":\"\",\"t44\":\"\",\"t45\":\"\",\"t46\":\"\",\"t47\":\"\",\"t48\":\"\",\"t49\":\"\",\"t50\":\"\",\"t51\":\"\",\"t52\":\"\",\"t53\":\"\",\"t54\":\"\",\"t55\":\"\",\"t56\":\"\",\"t57\":\"\",\"t58\":\"\",\"t59\":\"\",\"t60\":\"\"}');
INSERT INTO `chitiet_lichday` VALUES (32, '3', '6', '2', '107', '12', '19', '5', '{\"t1\":\"\",\"t2\":\"\",\"t3\":\"\",\"t4\":\"\",\"t5\":\"\",\"t6\":\"\",\"t7\":\"x\",\"t8\":\"x\",\"t9\":\"x\",\"t10\":\"x\",\"t11\":\"x\",\"t12\":\"x\",\"t13\":\"x\",\"t14\":\"x\",\"t15\":\"x\",\"t16\":\"x\",\"t17\":\"\",\"t18\":\"\",\"t19\":\"\",\"t20\":\"\",\"t21\":\"\",\"t22\":\"\",\"t23\":\"\",\"t24\":\"\",\"t25\":\"\",\"t26\":\"\",\"t27\":\"\",\"t28\":\"\",\"t29\":\"\",\"t30\":\"\",\"t31\":\"\",\"t32\":\"\",\"t33\":\"\",\"t34\":\"\",\"t35\":\"\",\"t36\":\"\",\"t37\":\"\",\"t38\":\"\",\"t39\":\"\",\"t40\":\"\",\"t41\":\"\",\"t42\":\"\",\"t43\":\"\",\"t44\":\"\",\"t45\":\"\",\"t46\":\"\",\"t47\":\"\",\"t48\":\"\",\"t49\":\"\",\"t50\":\"\",\"t51\":\"\",\"t52\":\"\",\"t53\":\"\",\"t54\":\"\",\"t55\":\"\",\"t56\":\"\",\"t57\":\"\",\"t58\":\"\",\"t59\":\"\",\"t60\":\"\"}');
INSERT INTO `chitiet_lichday` VALUES (33, '3', '7', '3', '108', '12', '23', '5', '{\"t1\":\"\",\"t2\":\"\",\"t3\":\"\",\"t4\":\"\",\"t5\":\"\",\"t6\":\"\",\"t7\":\"x\",\"t8\":\"x\",\"t9\":\"x\",\"t10\":\"x\",\"t11\":\"x\",\"t12\":\"x\",\"t13\":\"x\",\"t14\":\"x\",\"t15\":\"x\",\"t16\":\"x\",\"t17\":\"\",\"t18\":\"\",\"t19\":\"\",\"t20\":\"\",\"t21\":\"\",\"t22\":\"\",\"t23\":\"\",\"t24\":\"\",\"t25\":\"\",\"t26\":\"\",\"t27\":\"\",\"t28\":\"\",\"t29\":\"\",\"t30\":\"\",\"t31\":\"\",\"t32\":\"\",\"t33\":\"\",\"t34\":\"\",\"t35\":\"\",\"t36\":\"\",\"t37\":\"\",\"t38\":\"\",\"t39\":\"\",\"t40\":\"\",\"t41\":\"\",\"t42\":\"\",\"t43\":\"\",\"t44\":\"\",\"t45\":\"\",\"t46\":\"\",\"t47\":\"\",\"t48\":\"\",\"t49\":\"\",\"t50\":\"\",\"t51\":\"\",\"t52\":\"\",\"t53\":\"\",\"t54\":\"\",\"t55\":\"\",\"t56\":\"\",\"t57\":\"\",\"t58\":\"\",\"t59\":\"\",\"t60\":\"\"}');
INSERT INTO `chitiet_lichday` VALUES (34, '3', '2', '3', '109', '13', '17', '6', '{\"t1\":\"\",\"t2\":\"\",\"t3\":\"\",\"t4\":\"\",\"t5\":\"\",\"t6\":\"\",\"t7\":\"x\",\"t8\":\"x\",\"t9\":\"x\",\"t10\":\"x\",\"t11\":\"x\",\"t12\":\"x\",\"t13\":\"x\",\"t14\":\"x\",\"t15\":\"x\",\"t16\":\"x\",\"t17\":\"\",\"t18\":\"\",\"t19\":\"\",\"t20\":\"\",\"t21\":\"\",\"t22\":\"\",\"t23\":\"\",\"t24\":\"\",\"t25\":\"\",\"t26\":\"\",\"t27\":\"\",\"t28\":\"\",\"t29\":\"\",\"t30\":\"\",\"t31\":\"\",\"t32\":\"\",\"t33\":\"\",\"t34\":\"\",\"t35\":\"\",\"t36\":\"\",\"t37\":\"\",\"t38\":\"\",\"t39\":\"\",\"t40\":\"\",\"t41\":\"\",\"t42\":\"\",\"t43\":\"\",\"t44\":\"\",\"t45\":\"\",\"t46\":\"\",\"t47\":\"\",\"t48\":\"\",\"t49\":\"\",\"t50\":\"\",\"t51\":\"\",\"t52\":\"\",\"t53\":\"\",\"t54\":\"\",\"t55\":\"\",\"t56\":\"\",\"t57\":\"\",\"t58\":\"\",\"t59\":\"\",\"t60\":\"\"}');
INSERT INTO `chitiet_lichday` VALUES (35, '3', '2', '4', '110', '13', '17', '6', '{\"t1\":\"\",\"t2\":\"\",\"t3\":\"\",\"t4\":\"\",\"t5\":\"\",\"t6\":\"\",\"t7\":\"x\",\"t8\":\"x\",\"t9\":\"x\",\"t10\":\"x\",\"t11\":\"x\",\"t12\":\"x\",\"t13\":\"x\",\"t14\":\"x\",\"t15\":\"x\",\"t16\":\"x\",\"t17\":\"\",\"t18\":\"\",\"t19\":\"\",\"t20\":\"\",\"t21\":\"\",\"t22\":\"\",\"t23\":\"\",\"t24\":\"\",\"t25\":\"\",\"t26\":\"\",\"t27\":\"\",\"t28\":\"\",\"t29\":\"\",\"t30\":\"\",\"t31\":\"\",\"t32\":\"\",\"t33\":\"\",\"t34\":\"\",\"t35\":\"\",\"t36\":\"\",\"t37\":\"\",\"t38\":\"\",\"t39\":\"\",\"t40\":\"\",\"t41\":\"\",\"t42\":\"\",\"t43\":\"\",\"t44\":\"\",\"t45\":\"\",\"t46\":\"\",\"t47\":\"\",\"t48\":\"\",\"t49\":\"\",\"t50\":\"\",\"t51\":\"\",\"t52\":\"\",\"t53\":\"\",\"t54\":\"\",\"t55\":\"\",\"t56\":\"\",\"t57\":\"\",\"t58\":\"\",\"t59\":\"\",\"t60\":\"\"}');
INSERT INTO `chitiet_lichday` VALUES (36, '3', '3', '3', '111', '13', '21', '6', '{\"t1\":\"\",\"t2\":\"\",\"t3\":\"\",\"t4\":\"\",\"t5\":\"\",\"t6\":\"\",\"t7\":\"x\",\"t8\":\"x\",\"t9\":\"x\",\"t10\":\"x\",\"t11\":\"x\",\"t12\":\"x\",\"t13\":\"x\",\"t14\":\"x\",\"t15\":\"x\",\"t16\":\"x\",\"t17\":\"\",\"t18\":\"\",\"t19\":\"\",\"t20\":\"\",\"t21\":\"\",\"t22\":\"\",\"t23\":\"\",\"t24\":\"\",\"t25\":\"\",\"t26\":\"\",\"t27\":\"\",\"t28\":\"\",\"t29\":\"\",\"t30\":\"\",\"t31\":\"\",\"t32\":\"\",\"t33\":\"\",\"t34\":\"\",\"t35\":\"\",\"t36\":\"\",\"t37\":\"\",\"t38\":\"\",\"t39\":\"\",\"t40\":\"\",\"t41\":\"\",\"t42\":\"\",\"t43\":\"\",\"t44\":\"\",\"t45\":\"\",\"t46\":\"\",\"t47\":\"\",\"t48\":\"\",\"t49\":\"\",\"t50\":\"\",\"t51\":\"\",\"t52\":\"\",\"t53\":\"\",\"t54\":\"\",\"t55\":\"\",\"t56\":\"\",\"t57\":\"\",\"t58\":\"\",\"t59\":\"\",\"t60\":\"\"}');
INSERT INTO `chitiet_lichday` VALUES (37, '3', '3', '4', '112', '13', '21', '6', '{\"t1\":\"\",\"t2\":\"\",\"t3\":\"\",\"t4\":\"\",\"t5\":\"\",\"t6\":\"\",\"t7\":\"x\",\"t8\":\"x\",\"t9\":\"x\",\"t10\":\"x\",\"t11\":\"x\",\"t12\":\"x\",\"t13\":\"x\",\"t14\":\"x\",\"t15\":\"x\",\"t16\":\"x\",\"t17\":\"\",\"t18\":\"\",\"t19\":\"\",\"t20\":\"\",\"t21\":\"\",\"t22\":\"\",\"t23\":\"\",\"t24\":\"\",\"t25\":\"\",\"t26\":\"\",\"t27\":\"\",\"t28\":\"\",\"t29\":\"\",\"t30\":\"\",\"t31\":\"\",\"t32\":\"\",\"t33\":\"\",\"t34\":\"\",\"t35\":\"\",\"t36\":\"\",\"t37\":\"\",\"t38\":\"\",\"t39\":\"\",\"t40\":\"\",\"t41\":\"\",\"t42\":\"\",\"t43\":\"\",\"t44\":\"\",\"t45\":\"\",\"t46\":\"\",\"t47\":\"\",\"t48\":\"\",\"t49\":\"\",\"t50\":\"\",\"t51\":\"\",\"t52\":\"\",\"t53\":\"\",\"t54\":\"\",\"t55\":\"\",\"t56\":\"\",\"t57\":\"\",\"t58\":\"\",\"t59\":\"\",\"t60\":\"\"}');
INSERT INTO `chitiet_lichday` VALUES (38, '3', '5', '3', '113', '13', '24', '6', '{\"t1\":\"\",\"t2\":\"\",\"t3\":\"\",\"t4\":\"\",\"t5\":\"\",\"t6\":\"\",\"t7\":\"x\",\"t8\":\"x\",\"t9\":\"x\",\"t10\":\"x\",\"t11\":\"x\",\"t12\":\"x\",\"t13\":\"x\",\"t14\":\"x\",\"t15\":\"x\",\"t16\":\"x\",\"t17\":\"\",\"t18\":\"\",\"t19\":\"\",\"t20\":\"\",\"t21\":\"\",\"t22\":\"\",\"t23\":\"\",\"t24\":\"\",\"t25\":\"\",\"t26\":\"\",\"t27\":\"\",\"t28\":\"\",\"t29\":\"\",\"t30\":\"\",\"t31\":\"\",\"t32\":\"\",\"t33\":\"\",\"t34\":\"\",\"t35\":\"\",\"t36\":\"\",\"t37\":\"\",\"t38\":\"\",\"t39\":\"\",\"t40\":\"\",\"t41\":\"\",\"t42\":\"\",\"t43\":\"\",\"t44\":\"\",\"t45\":\"\",\"t46\":\"\",\"t47\":\"\",\"t48\":\"\",\"t49\":\"\",\"t50\":\"\",\"t51\":\"\",\"t52\":\"\",\"t53\":\"\",\"t54\":\"\",\"t55\":\"\",\"t56\":\"\",\"t57\":\"\",\"t58\":\"\",\"t59\":\"\",\"t60\":\"\"}');
INSERT INTO `chitiet_lichday` VALUES (39, '3', '5', '4', '114', '13', '24', '6', '{\"t1\":\"\",\"t2\":\"\",\"t3\":\"\",\"t4\":\"\",\"t5\":\"\",\"t6\":\"\",\"t7\":\"x\",\"t8\":\"x\",\"t9\":\"x\",\"t10\":\"x\",\"t11\":\"x\",\"t12\":\"x\",\"t13\":\"x\",\"t14\":\"x\",\"t15\":\"x\",\"t16\":\"x\",\"t17\":\"\",\"t18\":\"\",\"t19\":\"\",\"t20\":\"\",\"t21\":\"\",\"t22\":\"\",\"t23\":\"\",\"t24\":\"\",\"t25\":\"\",\"t26\":\"\",\"t27\":\"\",\"t28\":\"\",\"t29\":\"\",\"t30\":\"\",\"t31\":\"\",\"t32\":\"\",\"t33\":\"\",\"t34\":\"\",\"t35\":\"\",\"t36\":\"\",\"t37\":\"\",\"t38\":\"\",\"t39\":\"\",\"t40\":\"\",\"t41\":\"\",\"t42\":\"\",\"t43\":\"\",\"t44\":\"\",\"t45\":\"\",\"t46\":\"\",\"t47\":\"\",\"t48\":\"\",\"t49\":\"\",\"t50\":\"\",\"t51\":\"\",\"t52\":\"\",\"t53\":\"\",\"t54\":\"\",\"t55\":\"\",\"t56\":\"\",\"t57\":\"\",\"t58\":\"\",\"t59\":\"\",\"t60\":\"\"}');
INSERT INTO `chitiet_lichday` VALUES (40, '3', '6', '1', '115', '13', '23', '6', '{\"t1\":\"\",\"t2\":\"\",\"t3\":\"\",\"t4\":\"\",\"t5\":\"\",\"t6\":\"\",\"t7\":\"x\",\"t8\":\"x\",\"t9\":\"x\",\"t10\":\"x\",\"t11\":\"x\",\"t12\":\"x\",\"t13\":\"x\",\"t14\":\"x\",\"t15\":\"x\",\"t16\":\"x\",\"t17\":\"\",\"t18\":\"\",\"t19\":\"\",\"t20\":\"\",\"t21\":\"\",\"t22\":\"\",\"t23\":\"\",\"t24\":\"\",\"t25\":\"\",\"t26\":\"\",\"t27\":\"\",\"t28\":\"\",\"t29\":\"\",\"t30\":\"\",\"t31\":\"\",\"t32\":\"\",\"t33\":\"\",\"t34\":\"\",\"t35\":\"\",\"t36\":\"\",\"t37\":\"\",\"t38\":\"\",\"t39\":\"\",\"t40\":\"\",\"t41\":\"\",\"t42\":\"\",\"t43\":\"\",\"t44\":\"\",\"t45\":\"\",\"t46\":\"\",\"t47\":\"\",\"t48\":\"\",\"t49\":\"\",\"t50\":\"\",\"t51\":\"\",\"t52\":\"\",\"t53\":\"\",\"t54\":\"\",\"t55\":\"\",\"t56\":\"\",\"t57\":\"\",\"t58\":\"\",\"t59\":\"\",\"t60\":\"\"}');
INSERT INTO `chitiet_lichday` VALUES (41, '3', '6', '2', '116', '13', '23', '6', '{\"t1\":\"\",\"t2\":\"\",\"t3\":\"\",\"t4\":\"\",\"t5\":\"\",\"t6\":\"\",\"t7\":\"x\",\"t8\":\"x\",\"t9\":\"x\",\"t10\":\"x\",\"t11\":\"x\",\"t12\":\"x\",\"t13\":\"x\",\"t14\":\"x\",\"t15\":\"x\",\"t16\":\"x\",\"t17\":\"\",\"t18\":\"\",\"t19\":\"\",\"t20\":\"\",\"t21\":\"\",\"t22\":\"\",\"t23\":\"\",\"t24\":\"\",\"t25\":\"\",\"t26\":\"\",\"t27\":\"\",\"t28\":\"\",\"t29\":\"\",\"t30\":\"\",\"t31\":\"\",\"t32\":\"\",\"t33\":\"\",\"t34\":\"\",\"t35\":\"\",\"t36\":\"\",\"t37\":\"\",\"t38\":\"\",\"t39\":\"\",\"t40\":\"\",\"t41\":\"\",\"t42\":\"\",\"t43\":\"\",\"t44\":\"\",\"t45\":\"\",\"t46\":\"\",\"t47\":\"\",\"t48\":\"\",\"t49\":\"\",\"t50\":\"\",\"t51\":\"\",\"t52\":\"\",\"t53\":\"\",\"t54\":\"\",\"t55\":\"\",\"t56\":\"\",\"t57\":\"\",\"t58\":\"\",\"t59\":\"\",\"t60\":\"\"}');
INSERT INTO `chitiet_lichday` VALUES (42, '3', '2', '1', '108', '14', '25', '7', '{\"t1\":\"\",\"t2\":\"x\",\"t3\":\"x\",\"t4\":\"\",\"t5\":\"\",\"t6\":\"\",\"t7\":\"x\",\"t8\":\"x\",\"t9\":\"x\",\"t10\":\"x\",\"t11\":\"x\",\"t12\":\"x\",\"t13\":\"x\",\"t14\":\"\",\"t15\":\"\",\"t16\":\"\",\"t17\":\"\",\"t18\":\"\",\"t19\":\"\",\"t20\":\"\",\"t21\":\"\",\"t22\":\"\",\"t23\":\"\",\"t24\":\"\",\"t25\":\"\",\"t26\":\"\",\"t27\":\"\",\"t28\":\"\",\"t29\":\"\",\"t30\":\"\",\"t31\":\"\",\"t32\":\"\",\"t33\":\"\",\"t34\":\"\",\"t35\":\"\",\"t36\":\"\",\"t37\":\"\",\"t38\":\"\",\"t39\":\"\",\"t40\":\"\",\"t41\":\"\",\"t42\":\"\",\"t43\":\"\",\"t44\":\"\",\"t45\":\"\",\"t46\":\"\",\"t47\":\"\",\"t48\":\"\",\"t49\":\"\",\"t50\":\"\",\"t51\":\"\",\"t52\":\"\",\"t53\":\"\",\"t54\":\"\",\"t55\":\"\",\"t56\":\"\",\"t57\":\"\",\"t58\":\"\",\"t59\":\"\",\"t60\":\"\"}');
INSERT INTO `chitiet_lichday` VALUES (43, '3', '2', '2', '108', '14', '25', '7', '{\"t1\":\"\",\"t2\":\"x\",\"t3\":\"x\",\"t4\":\"\",\"t5\":\"\",\"t6\":\"\",\"t7\":\"x\",\"t8\":\"x\",\"t9\":\"x\",\"t10\":\"x\",\"t11\":\"x\",\"t12\":\"x\",\"t13\":\"x\",\"t14\":\"\",\"t15\":\"\",\"t16\":\"\",\"t17\":\"\",\"t18\":\"\",\"t19\":\"\",\"t20\":\"\",\"t21\":\"\",\"t22\":\"\",\"t23\":\"\",\"t24\":\"\",\"t25\":\"\",\"t26\":\"\",\"t27\":\"\",\"t28\":\"\",\"t29\":\"\",\"t30\":\"\",\"t31\":\"\",\"t32\":\"\",\"t33\":\"\",\"t34\":\"\",\"t35\":\"\",\"t36\":\"\",\"t37\":\"\",\"t38\":\"\",\"t39\":\"\",\"t40\":\"\",\"t41\":\"\",\"t42\":\"\",\"t43\":\"\",\"t44\":\"\",\"t45\":\"\",\"t46\":\"\",\"t47\":\"\",\"t48\":\"\",\"t49\":\"\",\"t50\":\"\",\"t51\":\"\",\"t52\":\"\",\"t53\":\"\",\"t54\":\"\",\"t55\":\"\",\"t56\":\"\",\"t57\":\"\",\"t58\":\"\",\"t59\":\"\",\"t60\":\"\"}');
INSERT INTO `chitiet_lichday` VALUES (44, '3', '2', '3', '117', '14', '19', '7', '{\"t1\":\"\",\"t2\":\"x\",\"t3\":\"x\",\"t4\":\"\",\"t5\":\"\",\"t6\":\"\",\"t7\":\"x\",\"t8\":\"x\",\"t9\":\"x\",\"t10\":\"x\",\"t11\":\"x\",\"t12\":\"x\",\"t13\":\"x\",\"t14\":\"\",\"t15\":\"\",\"t16\":\"\",\"t17\":\"\",\"t18\":\"\",\"t19\":\"\",\"t20\":\"\",\"t21\":\"\",\"t22\":\"\",\"t23\":\"\",\"t24\":\"\",\"t25\":\"\",\"t26\":\"\",\"t27\":\"\",\"t28\":\"\",\"t29\":\"\",\"t30\":\"\",\"t31\":\"\",\"t32\":\"\",\"t33\":\"\",\"t34\":\"\",\"t35\":\"\",\"t36\":\"\",\"t37\":\"\",\"t38\":\"\",\"t39\":\"\",\"t40\":\"\",\"t41\":\"\",\"t42\":\"\",\"t43\":\"\",\"t44\":\"\",\"t45\":\"\",\"t46\":\"\",\"t47\":\"\",\"t48\":\"\",\"t49\":\"\",\"t50\":\"\",\"t51\":\"\",\"t52\":\"\",\"t53\":\"\",\"t54\":\"\",\"t55\":\"\",\"t56\":\"\",\"t57\":\"\",\"t58\":\"\",\"t59\":\"\",\"t60\":\"\"}');
INSERT INTO `chitiet_lichday` VALUES (45, '3', '2', '4', '117', '14', '19', '7', '{\"t1\":\"\",\"t2\":\"x\",\"t3\":\"x\",\"t4\":\"\",\"t5\":\"\",\"t6\":\"\",\"t7\":\"x\",\"t8\":\"x\",\"t9\":\"x\",\"t10\":\"x\",\"t11\":\"x\",\"t12\":\"x\",\"t13\":\"x\",\"t14\":\"\",\"t15\":\"\",\"t16\":\"\",\"t17\":\"\",\"t18\":\"\",\"t19\":\"\",\"t20\":\"\",\"t21\":\"\",\"t22\":\"\",\"t23\":\"\",\"t24\":\"\",\"t25\":\"\",\"t26\":\"\",\"t27\":\"\",\"t28\":\"\",\"t29\":\"\",\"t30\":\"\",\"t31\":\"\",\"t32\":\"\",\"t33\":\"\",\"t34\":\"\",\"t35\":\"\",\"t36\":\"\",\"t37\":\"\",\"t38\":\"\",\"t39\":\"\",\"t40\":\"\",\"t41\":\"\",\"t42\":\"\",\"t43\":\"\",\"t44\":\"\",\"t45\":\"\",\"t46\":\"\",\"t47\":\"\",\"t48\":\"\",\"t49\":\"\",\"t50\":\"\",\"t51\":\"\",\"t52\":\"\",\"t53\":\"\",\"t54\":\"\",\"t55\":\"\",\"t56\":\"\",\"t57\":\"\",\"t58\":\"\",\"t59\":\"\",\"t60\":\"\"}');
INSERT INTO `chitiet_lichday` VALUES (46, '3', '3', '3', '118', '14', '18', '7', '{\"t1\":\"\",\"t2\":\"x\",\"t3\":\"x\",\"t4\":\"\",\"t5\":\"\",\"t6\":\"\",\"t7\":\"x\",\"t8\":\"x\",\"t9\":\"x\",\"t10\":\"x\",\"t11\":\"x\",\"t12\":\"x\",\"t13\":\"x\",\"t14\":\"\",\"t15\":\"\",\"t16\":\"\",\"t17\":\"\",\"t18\":\"\",\"t19\":\"\",\"t20\":\"\",\"t21\":\"\",\"t22\":\"\",\"t23\":\"\",\"t24\":\"\",\"t25\":\"\",\"t26\":\"\",\"t27\":\"\",\"t28\":\"\",\"t29\":\"\",\"t30\":\"\",\"t31\":\"\",\"t32\":\"\",\"t33\":\"\",\"t34\":\"\",\"t35\":\"\",\"t36\":\"\",\"t37\":\"\",\"t38\":\"\",\"t39\":\"\",\"t40\":\"\",\"t41\":\"\",\"t42\":\"\",\"t43\":\"\",\"t44\":\"\",\"t45\":\"\",\"t46\":\"\",\"t47\":\"\",\"t48\":\"\",\"t49\":\"\",\"t50\":\"\",\"t51\":\"\",\"t52\":\"\",\"t53\":\"\",\"t54\":\"\",\"t55\":\"\",\"t56\":\"\",\"t57\":\"\",\"t58\":\"\",\"t59\":\"\",\"t60\":\"\"}');
INSERT INTO `chitiet_lichday` VALUES (47, '3', '3', '4', '118', '14', '18', '7', '{\"t1\":\"\",\"t2\":\"x\",\"t3\":\"x\",\"t4\":\"\",\"t5\":\"\",\"t6\":\"\",\"t7\":\"x\",\"t8\":\"x\",\"t9\":\"x\",\"t10\":\"x\",\"t11\":\"x\",\"t12\":\"x\",\"t13\":\"x\",\"t14\":\"\",\"t15\":\"\",\"t16\":\"\",\"t17\":\"\",\"t18\":\"\",\"t19\":\"\",\"t20\":\"\",\"t21\":\"\",\"t22\":\"\",\"t23\":\"\",\"t24\":\"\",\"t25\":\"\",\"t26\":\"\",\"t27\":\"\",\"t28\":\"\",\"t29\":\"\",\"t30\":\"\",\"t31\":\"\",\"t32\":\"\",\"t33\":\"\",\"t34\":\"\",\"t35\":\"\",\"t36\":\"\",\"t37\":\"\",\"t38\":\"\",\"t39\":\"\",\"t40\":\"\",\"t41\":\"\",\"t42\":\"\",\"t43\":\"\",\"t44\":\"\",\"t45\":\"\",\"t46\":\"\",\"t47\":\"\",\"t48\":\"\",\"t49\":\"\",\"t50\":\"\",\"t51\":\"\",\"t52\":\"\",\"t53\":\"\",\"t54\":\"\",\"t55\":\"\",\"t56\":\"\",\"t57\":\"\",\"t58\":\"\",\"t59\":\"\",\"t60\":\"\"}');
INSERT INTO `chitiet_lichday` VALUES (48, '3', '4', '3', '119', '14', '19', '7', '{\"t1\":\"x\",\"t2\":\"x\",\"t3\":\"x\",\"t4\":\"\",\"t5\":\"\",\"t6\":\"\",\"t7\":\"x\",\"t8\":\"x\",\"t9\":\"x\",\"t10\":\"x\",\"t11\":\"x\",\"t12\":\"x\",\"t13\":\"\",\"t14\":\"\",\"t15\":\"\",\"t16\":\"\",\"t17\":\"\",\"t18\":\"\",\"t19\":\"\",\"t20\":\"\",\"t21\":\"\",\"t22\":\"\",\"t23\":\"\",\"t24\":\"\",\"t25\":\"\",\"t26\":\"\",\"t27\":\"\",\"t28\":\"\",\"t29\":\"\",\"t30\":\"\",\"t31\":\"\",\"t32\":\"\",\"t33\":\"\",\"t34\":\"\",\"t35\":\"\",\"t36\":\"\",\"t37\":\"\",\"t38\":\"\",\"t39\":\"\",\"t40\":\"\",\"t41\":\"\",\"t42\":\"\",\"t43\":\"\",\"t44\":\"\",\"t45\":\"\",\"t46\":\"\",\"t47\":\"\",\"t48\":\"\",\"t49\":\"\",\"t50\":\"\",\"t51\":\"\",\"t52\":\"\",\"t53\":\"\",\"t54\":\"\",\"t55\":\"\",\"t56\":\"\",\"t57\":\"\",\"t58\":\"\",\"t59\":\"\",\"t60\":\"\"}');
INSERT INTO `chitiet_lichday` VALUES (49, '3', '4', '4', '119', '14', '19', '7', '{\"t1\":\"x\",\"t2\":\"x\",\"t3\":\"x\",\"t4\":\"\",\"t5\":\"\",\"t6\":\"\",\"t7\":\"x\",\"t8\":\"x\",\"t9\":\"x\",\"t10\":\"x\",\"t11\":\"x\",\"t12\":\"x\",\"t13\":\"\",\"t14\":\"\",\"t15\":\"\",\"t16\":\"\",\"t17\":\"\",\"t18\":\"\",\"t19\":\"\",\"t20\":\"\",\"t21\":\"\",\"t22\":\"\",\"t23\":\"\",\"t24\":\"\",\"t25\":\"\",\"t26\":\"\",\"t27\":\"\",\"t28\":\"\",\"t29\":\"\",\"t30\":\"\",\"t31\":\"\",\"t32\":\"\",\"t33\":\"\",\"t34\":\"\",\"t35\":\"\",\"t36\":\"\",\"t37\":\"\",\"t38\":\"\",\"t39\":\"\",\"t40\":\"\",\"t41\":\"\",\"t42\":\"\",\"t43\":\"\",\"t44\":\"\",\"t45\":\"\",\"t46\":\"\",\"t47\":\"\",\"t48\":\"\",\"t49\":\"\",\"t50\":\"\",\"t51\":\"\",\"t52\":\"\",\"t53\":\"\",\"t54\":\"\",\"t55\":\"\",\"t56\":\"\",\"t57\":\"\",\"t58\":\"\",\"t59\":\"\",\"t60\":\"\"}');
INSERT INTO `chitiet_lichday` VALUES (50, '3', '5', '3', '97', '14', '19', '7', '{\"t1\":\"x\",\"t2\":\"x\",\"t3\":\"x\",\"t4\":\"\",\"t5\":\"\",\"t6\":\"\",\"t7\":\"x\",\"t8\":\"x\",\"t9\":\"x\",\"t10\":\"x\",\"t11\":\"x\",\"t12\":\"x\",\"t13\":\"\",\"t14\":\"\",\"t15\":\"\",\"t16\":\"\",\"t17\":\"\",\"t18\":\"\",\"t19\":\"\",\"t20\":\"\",\"t21\":\"\",\"t22\":\"\",\"t23\":\"\",\"t24\":\"\",\"t25\":\"\",\"t26\":\"\",\"t27\":\"\",\"t28\":\"\",\"t29\":\"\",\"t30\":\"\",\"t31\":\"\",\"t32\":\"\",\"t33\":\"\",\"t34\":\"\",\"t35\":\"\",\"t36\":\"\",\"t37\":\"\",\"t38\":\"\",\"t39\":\"\",\"t40\":\"\",\"t41\":\"\",\"t42\":\"\",\"t43\":\"\",\"t44\":\"\",\"t45\":\"\",\"t46\":\"\",\"t47\":\"\",\"t48\":\"\",\"t49\":\"\",\"t50\":\"\",\"t51\":\"\",\"t52\":\"\",\"t53\":\"\",\"t54\":\"\",\"t55\":\"\",\"t56\":\"\",\"t57\":\"\",\"t58\":\"\",\"t59\":\"\",\"t60\":\"\"}');
INSERT INTO `chitiet_lichday` VALUES (51, '3', '5', '4', '97', '14', '19', '7', '{\"t1\":\"x\",\"t2\":\"x\",\"t3\":\"x\",\"t4\":\"\",\"t5\":\"\",\"t6\":\"\",\"t7\":\"x\",\"t8\":\"x\",\"t9\":\"x\",\"t10\":\"x\",\"t11\":\"x\",\"t12\":\"x\",\"t13\":\"\",\"t14\":\"\",\"t15\":\"\",\"t16\":\"\",\"t17\":\"\",\"t18\":\"\",\"t19\":\"\",\"t20\":\"\",\"t21\":\"\",\"t22\":\"\",\"t23\":\"\",\"t24\":\"\",\"t25\":\"\",\"t26\":\"\",\"t27\":\"\",\"t28\":\"\",\"t29\":\"\",\"t30\":\"\",\"t31\":\"\",\"t32\":\"\",\"t33\":\"\",\"t34\":\"\",\"t35\":\"\",\"t36\":\"\",\"t37\":\"\",\"t38\":\"\",\"t39\":\"\",\"t40\":\"\",\"t41\":\"\",\"t42\":\"\",\"t43\":\"\",\"t44\":\"\",\"t45\":\"\",\"t46\":\"\",\"t47\":\"\",\"t48\":\"\",\"t49\":\"\",\"t50\":\"\",\"t51\":\"\",\"t52\":\"\",\"t53\":\"\",\"t54\":\"\",\"t55\":\"\",\"t56\":\"\",\"t57\":\"\",\"t58\":\"\",\"t59\":\"\",\"t60\":\"\"}');
INSERT INTO `chitiet_lichday` VALUES (52, '3', '6', '3', '104', '14', '19', '7', '{\"t1\":\"x\",\"t2\":\"x\",\"t3\":\"x\",\"t4\":\"\",\"t5\":\"\",\"t6\":\"\",\"t7\":\"x\",\"t8\":\"x\",\"t9\":\"x\",\"t10\":\"x\",\"t11\":\"x\",\"t12\":\"x\",\"t13\":\"\",\"t14\":\"\",\"t15\":\"\",\"t16\":\"\",\"t17\":\"\",\"t18\":\"\",\"t19\":\"\",\"t20\":\"\",\"t21\":\"\",\"t22\":\"\",\"t23\":\"\",\"t24\":\"\",\"t25\":\"\",\"t26\":\"\",\"t27\":\"\",\"t28\":\"\",\"t29\":\"\",\"t30\":\"\",\"t31\":\"\",\"t32\":\"\",\"t33\":\"\",\"t34\":\"\",\"t35\":\"\",\"t36\":\"\",\"t37\":\"\",\"t38\":\"\",\"t39\":\"\",\"t40\":\"\",\"t41\":\"\",\"t42\":\"\",\"t43\":\"\",\"t44\":\"\",\"t45\":\"\",\"t46\":\"\",\"t47\":\"\",\"t48\":\"\",\"t49\":\"\",\"t50\":\"\",\"t51\":\"\",\"t52\":\"\",\"t53\":\"\",\"t54\":\"\",\"t55\":\"\",\"t56\":\"\",\"t57\":\"\",\"t58\":\"\",\"t59\":\"\",\"t60\":\"\"}');
INSERT INTO `chitiet_lichday` VALUES (53, '3', '6', '4', '104', '14', '19', '7', '{\"t1\":\"x\",\"t2\":\"x\",\"t3\":\"x\",\"t4\":\"\",\"t5\":\"\",\"t6\":\"\",\"t7\":\"x\",\"t8\":\"x\",\"t9\":\"x\",\"t10\":\"x\",\"t11\":\"x\",\"t12\":\"x\",\"t13\":\"\",\"t14\":\"\",\"t15\":\"\",\"t16\":\"\",\"t17\":\"\",\"t18\":\"\",\"t19\":\"\",\"t20\":\"\",\"t21\":\"\",\"t22\":\"\",\"t23\":\"\",\"t24\":\"\",\"t25\":\"\",\"t26\":\"\",\"t27\":\"\",\"t28\":\"\",\"t29\":\"\",\"t30\":\"\",\"t31\":\"\",\"t32\":\"\",\"t33\":\"\",\"t34\":\"\",\"t35\":\"\",\"t36\":\"\",\"t37\":\"\",\"t38\":\"\",\"t39\":\"\",\"t40\":\"\",\"t41\":\"\",\"t42\":\"\",\"t43\":\"\",\"t44\":\"\",\"t45\":\"\",\"t46\":\"\",\"t47\":\"\",\"t48\":\"\",\"t49\":\"\",\"t50\":\"\",\"t51\":\"\",\"t52\":\"\",\"t53\":\"\",\"t54\":\"\",\"t55\":\"\",\"t56\":\"\",\"t57\":\"\",\"t58\":\"\",\"t59\":\"\",\"t60\":\"\"}');
INSERT INTO `chitiet_lichday` VALUES (54, '3', '4', '3', '120', '11', '17', '8', '{\"t1\":\"x\",\"t2\":\"x\",\"t3\":\"x\",\"t4\":\"\",\"t5\":\"\",\"t6\":\"\",\"t7\":\"x\",\"t8\":\"x\",\"t9\":\"x\",\"t10\":\"x\",\"t11\":\"x\",\"t12\":\"x\",\"t13\":\"x\",\"t14\":\"x\",\"t15\":\"\",\"t16\":\"x\",\"t17\":\"x\",\"t18\":\"x\",\"t19\":\"x\",\"t20\":\"\",\"t21\":\"\",\"t22\":\"\",\"t23\":\"\",\"t24\":\"\",\"t25\":\"\",\"t26\":\"\",\"t27\":\"\",\"t28\":\"\",\"t29\":\"\",\"t30\":\"\",\"t31\":\"\",\"t32\":\"\",\"t33\":\"\",\"t34\":\"\",\"t35\":\"\",\"t36\":\"\",\"t37\":\"\",\"t38\":\"\",\"t39\":\"\",\"t40\":\"\",\"t41\":\"\",\"t42\":\"\",\"t43\":\"\",\"t44\":\"\",\"t45\":\"\",\"t46\":\"\",\"t47\":\"\",\"t48\":\"\",\"t49\":\"\",\"t50\":\"\",\"t51\":\"\",\"t52\":\"\",\"t53\":\"\",\"t54\":\"\",\"t55\":\"\",\"t56\":\"\",\"t57\":\"\",\"t58\":\"\",\"t59\":\"\",\"t60\":\"\"}');
INSERT INTO `chitiet_lichday` VALUES (55, '3', '4', '4', '121', '11', '17', '8', '{\"t1\":\"x\",\"t2\":\"x\",\"t3\":\"x\",\"t4\":\"\",\"t5\":\"\",\"t6\":\"\",\"t7\":\"x\",\"t8\":\"x\",\"t9\":\"x\",\"t10\":\"x\",\"t11\":\"x\",\"t12\":\"x\",\"t13\":\"x\",\"t14\":\"x\",\"t15\":\"\",\"t16\":\"x\",\"t17\":\"x\",\"t18\":\"x\",\"t19\":\"x\",\"t20\":\"\",\"t21\":\"\",\"t22\":\"\",\"t23\":\"\",\"t24\":\"\",\"t25\":\"\",\"t26\":\"\",\"t27\":\"\",\"t28\":\"\",\"t29\":\"\",\"t30\":\"\",\"t31\":\"\",\"t32\":\"\",\"t33\":\"\",\"t34\":\"\",\"t35\":\"\",\"t36\":\"\",\"t37\":\"\",\"t38\":\"\",\"t39\":\"\",\"t40\":\"\",\"t41\":\"\",\"t42\":\"\",\"t43\":\"\",\"t44\":\"\",\"t45\":\"\",\"t46\":\"\",\"t47\":\"\",\"t48\":\"\",\"t49\":\"\",\"t50\":\"\",\"t51\":\"\",\"t52\":\"\",\"t53\":\"\",\"t54\":\"\",\"t55\":\"\",\"t56\":\"\",\"t57\":\"\",\"t58\":\"\",\"t59\":\"\",\"t60\":\"\"}');
INSERT INTO `chitiet_lichday` VALUES (56, '3', '6', '3', '122', '11', '17', '8', '{\"t1\":\"x\",\"t2\":\"x\",\"t3\":\"x\",\"t4\":\"\",\"t5\":\"\",\"t6\":\"\",\"t7\":\"x\",\"t8\":\"x\",\"t9\":\"x\",\"t10\":\"x\",\"t11\":\"x\",\"t12\":\"x\",\"t13\":\"x\",\"t14\":\"x\",\"t15\":\"x\",\"t16\":\"x\",\"t17\":\"x\",\"t18\":\"x\",\"t19\":\"\",\"t20\":\"\",\"t21\":\"\",\"t22\":\"\",\"t23\":\"\",\"t24\":\"\",\"t25\":\"\",\"t26\":\"\",\"t27\":\"\",\"t28\":\"\",\"t29\":\"\",\"t30\":\"\",\"t31\":\"\",\"t32\":\"\",\"t33\":\"\",\"t34\":\"\",\"t35\":\"\",\"t36\":\"\",\"t37\":\"\",\"t38\":\"\",\"t39\":\"\",\"t40\":\"\",\"t41\":\"\",\"t42\":\"\",\"t43\":\"\",\"t44\":\"\",\"t45\":\"\",\"t46\":\"\",\"t47\":\"\",\"t48\":\"\",\"t49\":\"\",\"t50\":\"\",\"t51\":\"\",\"t52\":\"\",\"t53\":\"\",\"t54\":\"\",\"t55\":\"\",\"t56\":\"\",\"t57\":\"\",\"t58\":\"\",\"t59\":\"\",\"t60\":\"\"}');
INSERT INTO `chitiet_lichday` VALUES (57, '3', '6', '4', '123', '11', '17', '8', '{\"t1\":\"x\",\"t2\":\"x\",\"t3\":\"x\",\"t4\":\"\",\"t5\":\"\",\"t6\":\"\",\"t7\":\"x\",\"t8\":\"x\",\"t9\":\"x\",\"t10\":\"x\",\"t11\":\"x\",\"t12\":\"x\",\"t13\":\"x\",\"t14\":\"x\",\"t15\":\"x\",\"t16\":\"x\",\"t17\":\"x\",\"t18\":\"x\",\"t19\":\"\",\"t20\":\"\",\"t21\":\"\",\"t22\":\"\",\"t23\":\"\",\"t24\":\"\",\"t25\":\"\",\"t26\":\"\",\"t27\":\"\",\"t28\":\"\",\"t29\":\"\",\"t30\":\"\",\"t31\":\"\",\"t32\":\"\",\"t33\":\"\",\"t34\":\"\",\"t35\":\"\",\"t36\":\"\",\"t37\":\"\",\"t38\":\"\",\"t39\":\"\",\"t40\":\"\",\"t41\":\"\",\"t42\":\"\",\"t43\":\"\",\"t44\":\"\",\"t45\":\"\",\"t46\":\"\",\"t47\":\"\",\"t48\":\"\",\"t49\":\"\",\"t50\":\"\",\"t51\":\"\",\"t52\":\"\",\"t53\":\"\",\"t54\":\"\",\"t55\":\"\",\"t56\":\"\",\"t57\":\"\",\"t58\":\"\",\"t59\":\"\",\"t60\":\"\"}');
INSERT INTO `chitiet_lichday` VALUES (58, '3', '3', '3', '124', '11', '17', '9', '{\"t1\":\"\",\"t2\":\"x\",\"t3\":\"x\",\"t4\":\"\",\"t5\":\"\",\"t6\":\"\",\"t7\":\"x\",\"t8\":\"x\",\"t9\":\"x\",\"t10\":\"x\",\"t11\":\"x\",\"t12\":\"x\",\"t13\":\"x\",\"t14\":\"x\",\"t15\":\"x\",\"t16\":\"x\",\"t17\":\"x\",\"t18\":\"x\",\"t19\":\"x\",\"t20\":\"\",\"t21\":\"\",\"t22\":\"\",\"t23\":\"\",\"t24\":\"\",\"t25\":\"\",\"t26\":\"\",\"t27\":\"\",\"t28\":\"\",\"t29\":\"\",\"t30\":\"\",\"t31\":\"\",\"t32\":\"\",\"t33\":\"\",\"t34\":\"\",\"t35\":\"\",\"t36\":\"\",\"t37\":\"\",\"t38\":\"\",\"t39\":\"\",\"t40\":\"\",\"t41\":\"\",\"t42\":\"\",\"t43\":\"\",\"t44\":\"\",\"t45\":\"\",\"t46\":\"\",\"t47\":\"\",\"t48\":\"\",\"t49\":\"\",\"t50\":\"\",\"t51\":\"\",\"t52\":\"\",\"t53\":\"\",\"t54\":\"\",\"t55\":\"\",\"t56\":\"\",\"t57\":\"\",\"t58\":\"\",\"t59\":\"\",\"t60\":\"\"}');
INSERT INTO `chitiet_lichday` VALUES (59, '3', '3', '4', '125', '11', '17', '9', '{\"t1\":\"\",\"t2\":\"x\",\"t3\":\"x\",\"t4\":\"\",\"t5\":\"\",\"t6\":\"\",\"t7\":\"x\",\"t8\":\"x\",\"t9\":\"x\",\"t10\":\"x\",\"t11\":\"x\",\"t12\":\"x\",\"t13\":\"x\",\"t14\":\"x\",\"t15\":\"x\",\"t16\":\"x\",\"t17\":\"x\",\"t18\":\"x\",\"t19\":\"x\",\"t20\":\"\",\"t21\":\"\",\"t22\":\"\",\"t23\":\"\",\"t24\":\"\",\"t25\":\"\",\"t26\":\"\",\"t27\":\"\",\"t28\":\"\",\"t29\":\"\",\"t30\":\"\",\"t31\":\"\",\"t32\":\"\",\"t33\":\"\",\"t34\":\"\",\"t35\":\"\",\"t36\":\"\",\"t37\":\"\",\"t38\":\"\",\"t39\":\"\",\"t40\":\"\",\"t41\":\"\",\"t42\":\"\",\"t43\":\"\",\"t44\":\"\",\"t45\":\"\",\"t46\":\"\",\"t47\":\"\",\"t48\":\"\",\"t49\":\"\",\"t50\":\"\",\"t51\":\"\",\"t52\":\"\",\"t53\":\"\",\"t54\":\"\",\"t55\":\"\",\"t56\":\"\",\"t57\":\"\",\"t58\":\"\",\"t59\":\"\",\"t60\":\"\"}');
INSERT INTO `chitiet_lichday` VALUES (60, '3', '6', '3', '126', '13', '25', '9', '{\"t1\":\"\",\"t2\":\"\",\"t3\":\"\",\"t4\":\"\",\"t5\":\"\",\"t6\":\"\",\"t7\":\"x\",\"t8\":\"x\",\"t9\":\"x\",\"t10\":\"x\",\"t11\":\"x\",\"t12\":\"x\",\"t13\":\"x\",\"t14\":\"x\",\"t15\":\"x\",\"t16\":\"x\",\"t17\":\"\",\"t18\":\"\",\"t19\":\"\",\"t20\":\"\",\"t21\":\"\",\"t22\":\"\",\"t23\":\"\",\"t24\":\"\",\"t25\":\"\",\"t26\":\"\",\"t27\":\"\",\"t28\":\"\",\"t29\":\"\",\"t30\":\"\",\"t31\":\"\",\"t32\":\"\",\"t33\":\"\",\"t34\":\"\",\"t35\":\"\",\"t36\":\"\",\"t37\":\"\",\"t38\":\"\",\"t39\":\"\",\"t40\":\"\",\"t41\":\"\",\"t42\":\"\",\"t43\":\"\",\"t44\":\"\",\"t45\":\"\",\"t46\":\"\",\"t47\":\"\",\"t48\":\"\",\"t49\":\"\",\"t50\":\"\",\"t51\":\"\",\"t52\":\"\",\"t53\":\"\",\"t54\":\"\",\"t55\":\"\",\"t56\":\"\",\"t57\":\"\",\"t58\":\"\",\"t59\":\"\",\"t60\":\"\"}');
INSERT INTO `chitiet_lichday` VALUES (61, '3', '6', '4', '127', '13', '25', '9', '{\"t1\":\"\",\"t2\":\"\",\"t3\":\"\",\"t4\":\"\",\"t5\":\"\",\"t6\":\"\",\"t7\":\"x\",\"t8\":\"x\",\"t9\":\"x\",\"t10\":\"x\",\"t11\":\"x\",\"t12\":\"x\",\"t13\":\"x\",\"t14\":\"x\",\"t15\":\"x\",\"t16\":\"x\",\"t17\":\"\",\"t18\":\"\",\"t19\":\"\",\"t20\":\"\",\"t21\":\"\",\"t22\":\"\",\"t23\":\"\",\"t24\":\"\",\"t25\":\"\",\"t26\":\"\",\"t27\":\"\",\"t28\":\"\",\"t29\":\"\",\"t30\":\"\",\"t31\":\"\",\"t32\":\"\",\"t33\":\"\",\"t34\":\"\",\"t35\":\"\",\"t36\":\"\",\"t37\":\"\",\"t38\":\"\",\"t39\":\"\",\"t40\":\"\",\"t41\":\"\",\"t42\":\"\",\"t43\":\"\",\"t44\":\"\",\"t45\":\"\",\"t46\":\"\",\"t47\":\"\",\"t48\":\"\",\"t49\":\"\",\"t50\":\"\",\"t51\":\"\",\"t52\":\"\",\"t53\":\"\",\"t54\":\"\",\"t55\":\"\",\"t56\":\"\",\"t57\":\"\",\"t58\":\"\",\"t59\":\"\",\"t60\":\"\"}');
INSERT INTO `chitiet_lichday` VALUES (62, '3', '7', '3', '128', '11', '17', '9', '{\"t1\":\"x\",\"t2\":\"x\",\"t3\":\"x\",\"t4\":\"\",\"t5\":\"\",\"t6\":\"\",\"t7\":\"x\",\"t8\":\"x\",\"t9\":\"x\",\"t10\":\"x\",\"t11\":\"x\",\"t12\":\"x\",\"t13\":\"x\",\"t14\":\"x\",\"t15\":\"x\",\"t16\":\"x\",\"t17\":\"x\",\"t18\":\"x\",\"t19\":\"\",\"t20\":\"\",\"t21\":\"\",\"t22\":\"\",\"t23\":\"\",\"t24\":\"\",\"t25\":\"\",\"t26\":\"\",\"t27\":\"\",\"t28\":\"\",\"t29\":\"\",\"t30\":\"\",\"t31\":\"\",\"t32\":\"\",\"t33\":\"\",\"t34\":\"\",\"t35\":\"\",\"t36\":\"\",\"t37\":\"\",\"t38\":\"\",\"t39\":\"\",\"t40\":\"\",\"t41\":\"\",\"t42\":\"\",\"t43\":\"\",\"t44\":\"\",\"t45\":\"\",\"t46\":\"\",\"t47\":\"\",\"t48\":\"\",\"t49\":\"\",\"t50\":\"\",\"t51\":\"\",\"t52\":\"\",\"t53\":\"\",\"t54\":\"\",\"t55\":\"\",\"t56\":\"\",\"t57\":\"\",\"t58\":\"\",\"t59\":\"\",\"t60\":\"\"}');
INSERT INTO `chitiet_lichday` VALUES (63, '3', '7', '1', '129', '15', '21', '9', '{\"t1\":\"\",\"t2\":\"\",\"t3\":\"\",\"t4\":\"\",\"t5\":\"\",\"t6\":\"\",\"t7\":\"x\",\"t8\":\"x\",\"t9\":\"x\",\"t10\":\"x\",\"t11\":\"x\",\"t12\":\"x\",\"t13\":\"x\",\"t14\":\"x\",\"t15\":\"x\",\"t16\":\"x\",\"t17\":\"\",\"t18\":\"\",\"t19\":\"\",\"t20\":\"\",\"t21\":\"\",\"t22\":\"\",\"t23\":\"\",\"t24\":\"\",\"t25\":\"\",\"t26\":\"\",\"t27\":\"\",\"t28\":\"\",\"t29\":\"\",\"t30\":\"\",\"t31\":\"\",\"t32\":\"\",\"t33\":\"\",\"t34\":\"\",\"t35\":\"\",\"t36\":\"\",\"t37\":\"\",\"t38\":\"\",\"t39\":\"\",\"t40\":\"\",\"t41\":\"\",\"t42\":\"\",\"t43\":\"\",\"t44\":\"\",\"t45\":\"\",\"t46\":\"\",\"t47\":\"\",\"t48\":\"\",\"t49\":\"\",\"t50\":\"\",\"t51\":\"\",\"t52\":\"\",\"t53\":\"\",\"t54\":\"\",\"t55\":\"\",\"t56\":\"\",\"t57\":\"\",\"t58\":\"\",\"t59\":\"\",\"t60\":\"\"}');
INSERT INTO `chitiet_lichday` VALUES (64, '3', '7', '2', '130', '15', '21', '9', '{\"t1\":\"\",\"t2\":\"\",\"t3\":\"\",\"t4\":\"\",\"t5\":\"\",\"t6\":\"\",\"t7\":\"x\",\"t8\":\"x\",\"t9\":\"x\",\"t10\":\"x\",\"t11\":\"x\",\"t12\":\"x\",\"t13\":\"x\",\"t14\":\"x\",\"t15\":\"x\",\"t16\":\"x\",\"t17\":\"\",\"t18\":\"\",\"t19\":\"\",\"t20\":\"\",\"t21\":\"\",\"t22\":\"\",\"t23\":\"\",\"t24\":\"\",\"t25\":\"\",\"t26\":\"\",\"t27\":\"\",\"t28\":\"\",\"t29\":\"\",\"t30\":\"\",\"t31\":\"\",\"t32\":\"\",\"t33\":\"\",\"t34\":\"\",\"t35\":\"\",\"t36\":\"\",\"t37\":\"\",\"t38\":\"\",\"t39\":\"\",\"t40\":\"\",\"t41\":\"\",\"t42\":\"\",\"t43\":\"\",\"t44\":\"\",\"t45\":\"\",\"t46\":\"\",\"t47\":\"\",\"t48\":\"\",\"t49\":\"\",\"t50\":\"\",\"t51\":\"\",\"t52\":\"\",\"t53\":\"\",\"t54\":\"\",\"t55\":\"\",\"t56\":\"\",\"t57\":\"\",\"t58\":\"\",\"t59\":\"\",\"t60\":\"\"}');
INSERT INTO `chitiet_lichday` VALUES (65, '3', '2', '1', '95', '14', '24', '10', '{\"t1\":\"\",\"t2\":\"x\",\"t3\":\"x\",\"t4\":\"\",\"t5\":\"\",\"t6\":\"\",\"t7\":\"x\",\"t8\":\"x\",\"t9\":\"x\",\"t10\":\"x\",\"t11\":\"x\",\"t12\":\"x\",\"t13\":\"x\",\"t14\":\"\",\"t15\":\"\",\"t16\":\"\",\"t17\":\"\",\"t18\":\"\",\"t19\":\"\",\"t20\":\"\",\"t21\":\"\",\"t22\":\"\",\"t23\":\"\",\"t24\":\"\",\"t25\":\"\",\"t26\":\"\",\"t27\":\"\",\"t28\":\"\",\"t29\":\"\",\"t30\":\"\",\"t31\":\"\",\"t32\":\"\",\"t33\":\"\",\"t34\":\"\",\"t35\":\"\",\"t36\":\"\",\"t37\":\"\",\"t38\":\"\",\"t39\":\"\",\"t40\":\"\",\"t41\":\"\",\"t42\":\"\",\"t43\":\"\",\"t44\":\"\",\"t45\":\"\",\"t46\":\"\",\"t47\":\"\",\"t48\":\"\",\"t49\":\"\",\"t50\":\"\",\"t51\":\"\",\"t52\":\"\",\"t53\":\"\",\"t54\":\"\",\"t55\":\"\",\"t56\":\"\",\"t57\":\"\",\"t58\":\"\",\"t59\":\"\",\"t60\":\"\"}');
INSERT INTO `chitiet_lichday` VALUES (66, '3', '2', '2', '95', '14', '24', '10', '{\"t1\":\"\",\"t2\":\"x\",\"t3\":\"x\",\"t4\":\"\",\"t5\":\"\",\"t6\":\"\",\"t7\":\"x\",\"t8\":\"x\",\"t9\":\"x\",\"t10\":\"x\",\"t11\":\"x\",\"t12\":\"x\",\"t13\":\"x\",\"t14\":\"\",\"t15\":\"\",\"t16\":\"\",\"t17\":\"\",\"t18\":\"\",\"t19\":\"\",\"t20\":\"\",\"t21\":\"\",\"t22\":\"\",\"t23\":\"\",\"t24\":\"\",\"t25\":\"\",\"t26\":\"\",\"t27\":\"\",\"t28\":\"\",\"t29\":\"\",\"t30\":\"\",\"t31\":\"\",\"t32\":\"\",\"t33\":\"\",\"t34\":\"\",\"t35\":\"\",\"t36\":\"\",\"t37\":\"\",\"t38\":\"\",\"t39\":\"\",\"t40\":\"\",\"t41\":\"\",\"t42\":\"\",\"t43\":\"\",\"t44\":\"\",\"t45\":\"\",\"t46\":\"\",\"t47\":\"\",\"t48\":\"\",\"t49\":\"\",\"t50\":\"\",\"t51\":\"\",\"t52\":\"\",\"t53\":\"\",\"t54\":\"\",\"t55\":\"\",\"t56\":\"\",\"t57\":\"\",\"t58\":\"\",\"t59\":\"\",\"t60\":\"\"}');
INSERT INTO `chitiet_lichday` VALUES (67, '3', '3', '1', '106', '14', '24', '10', '{\"t1\":\"\",\"t2\":\"x\",\"t3\":\"x\",\"t4\":\"\",\"t5\":\"\",\"t6\":\"\",\"t7\":\"x\",\"t8\":\"x\",\"t9\":\"x\",\"t10\":\"x\",\"t11\":\"x\",\"t12\":\"x\",\"t13\":\"x\",\"t14\":\"\",\"t15\":\"\",\"t16\":\"\",\"t17\":\"\",\"t18\":\"\",\"t19\":\"\",\"t20\":\"\",\"t21\":\"\",\"t22\":\"\",\"t23\":\"\",\"t24\":\"\",\"t25\":\"\",\"t26\":\"\",\"t27\":\"\",\"t28\":\"\",\"t29\":\"\",\"t30\":\"\",\"t31\":\"\",\"t32\":\"\",\"t33\":\"\",\"t34\":\"\",\"t35\":\"\",\"t36\":\"\",\"t37\":\"\",\"t38\":\"\",\"t39\":\"\",\"t40\":\"\",\"t41\":\"\",\"t42\":\"\",\"t43\":\"\",\"t44\":\"\",\"t45\":\"\",\"t46\":\"\",\"t47\":\"\",\"t48\":\"\",\"t49\":\"\",\"t50\":\"\",\"t51\":\"\",\"t52\":\"\",\"t53\":\"\",\"t54\":\"\",\"t55\":\"\",\"t56\":\"\",\"t57\":\"\",\"t58\":\"\",\"t59\":\"\",\"t60\":\"\"}');
INSERT INTO `chitiet_lichday` VALUES (68, '3', '3', '2', '106', '14', '24', '10', '{\"t1\":\"\",\"t2\":\"x\",\"t3\":\"x\",\"t4\":\"\",\"t5\":\"\",\"t6\":\"\",\"t7\":\"x\",\"t8\":\"x\",\"t9\":\"x\",\"t10\":\"x\",\"t11\":\"x\",\"t12\":\"x\",\"t13\":\"x\",\"t14\":\"\",\"t15\":\"\",\"t16\":\"\",\"t17\":\"\",\"t18\":\"\",\"t19\":\"\",\"t20\":\"\",\"t21\":\"\",\"t22\":\"\",\"t23\":\"\",\"t24\":\"\",\"t25\":\"\",\"t26\":\"\",\"t27\":\"\",\"t28\":\"\",\"t29\":\"\",\"t30\":\"\",\"t31\":\"\",\"t32\":\"\",\"t33\":\"\",\"t34\":\"\",\"t35\":\"\",\"t36\":\"\",\"t37\":\"\",\"t38\":\"\",\"t39\":\"\",\"t40\":\"\",\"t41\":\"\",\"t42\":\"\",\"t43\":\"\",\"t44\":\"\",\"t45\":\"\",\"t46\":\"\",\"t47\":\"\",\"t48\":\"\",\"t49\":\"\",\"t50\":\"\",\"t51\":\"\",\"t52\":\"\",\"t53\":\"\",\"t54\":\"\",\"t55\":\"\",\"t56\":\"\",\"t57\":\"\",\"t58\":\"\",\"t59\":\"\",\"t60\":\"\"}');
INSERT INTO `chitiet_lichday` VALUES (69, '3', '3', '3', '131', '14', '24', '10', '{\"t1\":\"\",\"t2\":\"x\",\"t3\":\"x\",\"t4\":\"\",\"t5\":\"\",\"t6\":\"\",\"t7\":\"x\",\"t8\":\"x\",\"t9\":\"x\",\"t10\":\"x\",\"t11\":\"x\",\"t12\":\"x\",\"t13\":\"x\",\"t14\":\"\",\"t15\":\"\",\"t16\":\"\",\"t17\":\"\",\"t18\":\"\",\"t19\":\"\",\"t20\":\"\",\"t21\":\"\",\"t22\":\"\",\"t23\":\"\",\"t24\":\"\",\"t25\":\"\",\"t26\":\"\",\"t27\":\"\",\"t28\":\"\",\"t29\":\"\",\"t30\":\"\",\"t31\":\"\",\"t32\":\"\",\"t33\":\"\",\"t34\":\"\",\"t35\":\"\",\"t36\":\"\",\"t37\":\"\",\"t38\":\"\",\"t39\":\"\",\"t40\":\"\",\"t41\":\"\",\"t42\":\"\",\"t43\":\"\",\"t44\":\"\",\"t45\":\"\",\"t46\":\"\",\"t47\":\"\",\"t48\":\"\",\"t49\":\"\",\"t50\":\"\",\"t51\":\"\",\"t52\":\"\",\"t53\":\"\",\"t54\":\"\",\"t55\":\"\",\"t56\":\"\",\"t57\":\"\",\"t58\":\"\",\"t59\":\"\",\"t60\":\"\"}');
INSERT INTO `chitiet_lichday` VALUES (70, '3', '3', '4', '131', '14', '24', '10', '{\"t1\":\"\",\"t2\":\"x\",\"t3\":\"x\",\"t4\":\"\",\"t5\":\"\",\"t6\":\"\",\"t7\":\"x\",\"t8\":\"x\",\"t9\":\"x\",\"t10\":\"x\",\"t11\":\"x\",\"t12\":\"x\",\"t13\":\"x\",\"t14\":\"\",\"t15\":\"\",\"t16\":\"\",\"t17\":\"\",\"t18\":\"\",\"t19\":\"\",\"t20\":\"\",\"t21\":\"\",\"t22\":\"\",\"t23\":\"\",\"t24\":\"\",\"t25\":\"\",\"t26\":\"\",\"t27\":\"\",\"t28\":\"\",\"t29\":\"\",\"t30\":\"\",\"t31\":\"\",\"t32\":\"\",\"t33\":\"\",\"t34\":\"\",\"t35\":\"\",\"t36\":\"\",\"t37\":\"\",\"t38\":\"\",\"t39\":\"\",\"t40\":\"\",\"t41\":\"\",\"t42\":\"\",\"t43\":\"\",\"t44\":\"\",\"t45\":\"\",\"t46\":\"\",\"t47\":\"\",\"t48\":\"\",\"t49\":\"\",\"t50\":\"\",\"t51\":\"\",\"t52\":\"\",\"t53\":\"\",\"t54\":\"\",\"t55\":\"\",\"t56\":\"\",\"t57\":\"\",\"t58\":\"\",\"t59\":\"\",\"t60\":\"\"}');
INSERT INTO `chitiet_lichday` VALUES (71, '3', '5', '1', '107', '14', '18', '10', '{\"t1\":\"x\",\"t2\":\"x\",\"t3\":\"x\",\"t4\":\"\",\"t5\":\"\",\"t6\":\"\",\"t7\":\"x\",\"t8\":\"x\",\"t9\":\"x\",\"t10\":\"x\",\"t11\":\"x\",\"t12\":\"x\",\"t13\":\"\",\"t14\":\"\",\"t15\":\"\",\"t16\":\"\",\"t17\":\"\",\"t18\":\"\",\"t19\":\"\",\"t20\":\"\",\"t21\":\"\",\"t22\":\"\",\"t23\":\"\",\"t24\":\"\",\"t25\":\"\",\"t26\":\"\",\"t27\":\"\",\"t28\":\"\",\"t29\":\"\",\"t30\":\"\",\"t31\":\"\",\"t32\":\"\",\"t33\":\"\",\"t34\":\"\",\"t35\":\"\",\"t36\":\"\",\"t37\":\"\",\"t38\":\"\",\"t39\":\"\",\"t40\":\"\",\"t41\":\"\",\"t42\":\"\",\"t43\":\"\",\"t44\":\"\",\"t45\":\"\",\"t46\":\"\",\"t47\":\"\",\"t48\":\"\",\"t49\":\"\",\"t50\":\"\",\"t51\":\"\",\"t52\":\"\",\"t53\":\"\",\"t54\":\"\",\"t55\":\"\",\"t56\":\"\",\"t57\":\"\",\"t58\":\"\",\"t59\":\"\",\"t60\":\"\"}');
INSERT INTO `chitiet_lichday` VALUES (72, '3', '5', '2', '107', '14', '18', '10', '{\"t1\":\"x\",\"t2\":\"x\",\"t3\":\"x\",\"t4\":\"\",\"t5\":\"\",\"t6\":\"\",\"t7\":\"x\",\"t8\":\"x\",\"t9\":\"x\",\"t10\":\"x\",\"t11\":\"x\",\"t12\":\"x\",\"t13\":\"\",\"t14\":\"\",\"t15\":\"\",\"t16\":\"\",\"t17\":\"\",\"t18\":\"\",\"t19\":\"\",\"t20\":\"\",\"t21\":\"\",\"t22\":\"\",\"t23\":\"\",\"t24\":\"\",\"t25\":\"\",\"t26\":\"\",\"t27\":\"\",\"t28\":\"\",\"t29\":\"\",\"t30\":\"\",\"t31\":\"\",\"t32\":\"\",\"t33\":\"\",\"t34\":\"\",\"t35\":\"\",\"t36\":\"\",\"t37\":\"\",\"t38\":\"\",\"t39\":\"\",\"t40\":\"\",\"t41\":\"\",\"t42\":\"\",\"t43\":\"\",\"t44\":\"\",\"t45\":\"\",\"t46\":\"\",\"t47\":\"\",\"t48\":\"\",\"t49\":\"\",\"t50\":\"\",\"t51\":\"\",\"t52\":\"\",\"t53\":\"\",\"t54\":\"\",\"t55\":\"\",\"t56\":\"\",\"t57\":\"\",\"t58\":\"\",\"t59\":\"\",\"t60\":\"\"}');
INSERT INTO `chitiet_lichday` VALUES (73, '3', '5', '3', '132', '14', '18', '10', '{\"t1\":\"x\",\"t2\":\"x\",\"t3\":\"x\",\"t4\":\"\",\"t5\":\"\",\"t6\":\"\",\"t7\":\"x\",\"t8\":\"x\",\"t9\":\"x\",\"t10\":\"x\",\"t11\":\"x\",\"t12\":\"x\",\"t13\":\"\",\"t14\":\"\",\"t15\":\"\",\"t16\":\"\",\"t17\":\"\",\"t18\":\"\",\"t19\":\"\",\"t20\":\"\",\"t21\":\"\",\"t22\":\"\",\"t23\":\"\",\"t24\":\"\",\"t25\":\"\",\"t26\":\"\",\"t27\":\"\",\"t28\":\"\",\"t29\":\"\",\"t30\":\"\",\"t31\":\"\",\"t32\":\"\",\"t33\":\"\",\"t34\":\"\",\"t35\":\"\",\"t36\":\"\",\"t37\":\"\",\"t38\":\"\",\"t39\":\"\",\"t40\":\"\",\"t41\":\"\",\"t42\":\"\",\"t43\":\"\",\"t44\":\"\",\"t45\":\"\",\"t46\":\"\",\"t47\":\"\",\"t48\":\"\",\"t49\":\"\",\"t50\":\"\",\"t51\":\"\",\"t52\":\"\",\"t53\":\"\",\"t54\":\"\",\"t55\":\"\",\"t56\":\"\",\"t57\":\"\",\"t58\":\"\",\"t59\":\"\",\"t60\":\"\"}');
INSERT INTO `chitiet_lichday` VALUES (74, '3', '5', '4', '132', '14', '18', '10', '{\"t1\":\"x\",\"t2\":\"x\",\"t3\":\"x\",\"t4\":\"\",\"t5\":\"\",\"t6\":\"\",\"t7\":\"x\",\"t8\":\"x\",\"t9\":\"x\",\"t10\":\"x\",\"t11\":\"x\",\"t12\":\"x\",\"t13\":\"\",\"t14\":\"\",\"t15\":\"\",\"t16\":\"\",\"t17\":\"\",\"t18\":\"\",\"t19\":\"\",\"t20\":\"\",\"t21\":\"\",\"t22\":\"\",\"t23\":\"\",\"t24\":\"\",\"t25\":\"\",\"t26\":\"\",\"t27\":\"\",\"t28\":\"\",\"t29\":\"\",\"t30\":\"\",\"t31\":\"\",\"t32\":\"\",\"t33\":\"\",\"t34\":\"\",\"t35\":\"\",\"t36\":\"\",\"t37\":\"\",\"t38\":\"\",\"t39\":\"\",\"t40\":\"\",\"t41\":\"\",\"t42\":\"\",\"t43\":\"\",\"t44\":\"\",\"t45\":\"\",\"t46\":\"\",\"t47\":\"\",\"t48\":\"\",\"t49\":\"\",\"t50\":\"\",\"t51\":\"\",\"t52\":\"\",\"t53\":\"\",\"t54\":\"\",\"t55\":\"\",\"t56\":\"\",\"t57\":\"\",\"t58\":\"\",\"t59\":\"\",\"t60\":\"\"}');
INSERT INTO `chitiet_lichday` VALUES (75, '3', '6', '1', '105', '14', '20', '10', '{\"t1\":\"x\",\"t2\":\"x\",\"t3\":\"x\",\"t4\":\"\",\"t5\":\"\",\"t6\":\"\",\"t7\":\"x\",\"t8\":\"x\",\"t9\":\"x\",\"t10\":\"x\",\"t11\":\"x\",\"t12\":\"x\",\"t13\":\"\",\"t14\":\"\",\"t15\":\"\",\"t16\":\"\",\"t17\":\"\",\"t18\":\"\",\"t19\":\"\",\"t20\":\"\",\"t21\":\"\",\"t22\":\"\",\"t23\":\"\",\"t24\":\"\",\"t25\":\"\",\"t26\":\"\",\"t27\":\"\",\"t28\":\"\",\"t29\":\"\",\"t30\":\"\",\"t31\":\"\",\"t32\":\"\",\"t33\":\"\",\"t34\":\"\",\"t35\":\"\",\"t36\":\"\",\"t37\":\"\",\"t38\":\"\",\"t39\":\"\",\"t40\":\"\",\"t41\":\"\",\"t42\":\"\",\"t43\":\"\",\"t44\":\"\",\"t45\":\"\",\"t46\":\"\",\"t47\":\"\",\"t48\":\"\",\"t49\":\"\",\"t50\":\"\",\"t51\":\"\",\"t52\":\"\",\"t53\":\"\",\"t54\":\"\",\"t55\":\"\",\"t56\":\"\",\"t57\":\"\",\"t58\":\"\",\"t59\":\"\",\"t60\":\"\"}');
INSERT INTO `chitiet_lichday` VALUES (76, '3', '6', '2', '105', '14', '20', '10', '{\"t1\":\"x\",\"t2\":\"x\",\"t3\":\"x\",\"t4\":\"\",\"t5\":\"\",\"t6\":\"\",\"t7\":\"x\",\"t8\":\"x\",\"t9\":\"x\",\"t10\":\"x\",\"t11\":\"x\",\"t12\":\"x\",\"t13\":\"\",\"t14\":\"\",\"t15\":\"\",\"t16\":\"\",\"t17\":\"\",\"t18\":\"\",\"t19\":\"\",\"t20\":\"\",\"t21\":\"\",\"t22\":\"\",\"t23\":\"\",\"t24\":\"\",\"t25\":\"\",\"t26\":\"\",\"t27\":\"\",\"t28\":\"\",\"t29\":\"\",\"t30\":\"\",\"t31\":\"\",\"t32\":\"\",\"t33\":\"\",\"t34\":\"\",\"t35\":\"\",\"t36\":\"\",\"t37\":\"\",\"t38\":\"\",\"t39\":\"\",\"t40\":\"\",\"t41\":\"\",\"t42\":\"\",\"t43\":\"\",\"t44\":\"\",\"t45\":\"\",\"t46\":\"\",\"t47\":\"\",\"t48\":\"\",\"t49\":\"\",\"t50\":\"\",\"t51\":\"\",\"t52\":\"\",\"t53\":\"\",\"t54\":\"\",\"t55\":\"\",\"t56\":\"\",\"t57\":\"\",\"t58\":\"\",\"t59\":\"\",\"t60\":\"\"}');
INSERT INTO `chitiet_lichday` VALUES (77, '3', '7', '1', '133', '14', '18', '10', '{\"t1\":\"x\",\"t2\":\"x\",\"t3\":\"x\",\"t4\":\"\",\"t5\":\"\",\"t6\":\"\",\"t7\":\"x\",\"t8\":\"x\",\"t9\":\"x\",\"t10\":\"x\",\"t11\":\"x\",\"t12\":\"x\",\"t13\":\"\",\"t14\":\"\",\"t15\":\"\",\"t16\":\"\",\"t17\":\"\",\"t18\":\"\",\"t19\":\"\",\"t20\":\"\",\"t21\":\"\",\"t22\":\"\",\"t23\":\"\",\"t24\":\"\",\"t25\":\"\",\"t26\":\"\",\"t27\":\"\",\"t28\":\"\",\"t29\":\"\",\"t30\":\"\",\"t31\":\"\",\"t32\":\"\",\"t33\":\"\",\"t34\":\"\",\"t35\":\"\",\"t36\":\"\",\"t37\":\"\",\"t38\":\"\",\"t39\":\"\",\"t40\":\"\",\"t41\":\"\",\"t42\":\"\",\"t43\":\"\",\"t44\":\"\",\"t45\":\"\",\"t46\":\"\",\"t47\":\"\",\"t48\":\"\",\"t49\":\"\",\"t50\":\"\",\"t51\":\"\",\"t52\":\"\",\"t53\":\"\",\"t54\":\"\",\"t55\":\"\",\"t56\":\"\",\"t57\":\"\",\"t58\":\"\",\"t59\":\"\",\"t60\":\"\"}');
INSERT INTO `chitiet_lichday` VALUES (78, '3', '7', '2', '133', '14', '18', '10', '{\"t1\":\"x\",\"t2\":\"x\",\"t3\":\"x\",\"t4\":\"\",\"t5\":\"\",\"t6\":\"\",\"t7\":\"x\",\"t8\":\"x\",\"t9\":\"x\",\"t10\":\"x\",\"t11\":\"x\",\"t12\":\"x\",\"t13\":\"\",\"t14\":\"\",\"t15\":\"\",\"t16\":\"\",\"t17\":\"\",\"t18\":\"\",\"t19\":\"\",\"t20\":\"\",\"t21\":\"\",\"t22\":\"\",\"t23\":\"\",\"t24\":\"\",\"t25\":\"\",\"t26\":\"\",\"t27\":\"\",\"t28\":\"\",\"t29\":\"\",\"t30\":\"\",\"t31\":\"\",\"t32\":\"\",\"t33\":\"\",\"t34\":\"\",\"t35\":\"\",\"t36\":\"\",\"t37\":\"\",\"t38\":\"\",\"t39\":\"\",\"t40\":\"\",\"t41\":\"\",\"t42\":\"\",\"t43\":\"\",\"t44\":\"\",\"t45\":\"\",\"t46\":\"\",\"t47\":\"\",\"t48\":\"\",\"t49\":\"\",\"t50\":\"\",\"t51\":\"\",\"t52\":\"\",\"t53\":\"\",\"t54\":\"\",\"t55\":\"\",\"t56\":\"\",\"t57\":\"\",\"t58\":\"\",\"t59\":\"\",\"t60\":\"\"}');
INSERT INTO `chitiet_lichday` VALUES (79, '3', '4', '1', '134', '11', '17', '11', '{\"t1\":\"x\",\"t2\":\"x\",\"t3\":\"x\",\"t4\":\"\",\"t5\":\"\",\"t6\":\"\",\"t7\":\"x\",\"t8\":\"x\",\"t9\":\"x\",\"t10\":\"x\",\"t11\":\"x\",\"t12\":\"x\",\"t13\":\"x\",\"t14\":\"x\",\"t15\":\"\",\"t16\":\"x\",\"t17\":\"x\",\"t18\":\"x\",\"t19\":\"x\",\"t20\":\"\",\"t21\":\"\",\"t22\":\"\",\"t23\":\"\",\"t24\":\"\",\"t25\":\"\",\"t26\":\"\",\"t27\":\"\",\"t28\":\"\",\"t29\":\"\",\"t30\":\"\",\"t31\":\"\",\"t32\":\"\",\"t33\":\"\",\"t34\":\"\",\"t35\":\"\",\"t36\":\"\",\"t37\":\"\",\"t38\":\"\",\"t39\":\"\",\"t40\":\"\",\"t41\":\"\",\"t42\":\"\",\"t43\":\"\",\"t44\":\"\",\"t45\":\"\",\"t46\":\"\",\"t47\":\"\",\"t48\":\"\",\"t49\":\"\",\"t50\":\"\",\"t51\":\"\",\"t52\":\"\",\"t53\":\"\",\"t54\":\"\",\"t55\":\"\",\"t56\":\"\",\"t57\":\"\",\"t58\":\"\",\"t59\":\"\",\"t60\":\"\"}');
INSERT INTO `chitiet_lichday` VALUES (80, '3', '4', '2', '135', '11', '17', '11', '{\"t1\":\"x\",\"t2\":\"x\",\"t3\":\"x\",\"t4\":\"\",\"t5\":\"\",\"t6\":\"\",\"t7\":\"x\",\"t8\":\"x\",\"t9\":\"x\",\"t10\":\"x\",\"t11\":\"x\",\"t12\":\"x\",\"t13\":\"x\",\"t14\":\"x\",\"t15\":\"\",\"t16\":\"x\",\"t17\":\"x\",\"t18\":\"x\",\"t19\":\"x\",\"t20\":\"\",\"t21\":\"\",\"t22\":\"\",\"t23\":\"\",\"t24\":\"\",\"t25\":\"\",\"t26\":\"\",\"t27\":\"\",\"t28\":\"\",\"t29\":\"\",\"t30\":\"\",\"t31\":\"\",\"t32\":\"\",\"t33\":\"\",\"t34\":\"\",\"t35\":\"\",\"t36\":\"\",\"t37\":\"\",\"t38\":\"\",\"t39\":\"\",\"t40\":\"\",\"t41\":\"\",\"t42\":\"\",\"t43\":\"\",\"t44\":\"\",\"t45\":\"\",\"t46\":\"\",\"t47\":\"\",\"t48\":\"\",\"t49\":\"\",\"t50\":\"\",\"t51\":\"\",\"t52\":\"\",\"t53\":\"\",\"t54\":\"\",\"t55\":\"\",\"t56\":\"\",\"t57\":\"\",\"t58\":\"\",\"t59\":\"\",\"t60\":\"\"}');
INSERT INTO `chitiet_lichday` VALUES (81, '3', '5', '3', '136', '11', '17', '11', '{\"t1\":\"x\",\"t2\":\"x\",\"t3\":\"x\",\"t4\":\"\",\"t5\":\"\",\"t6\":\"\",\"t7\":\"x\",\"t8\":\"x\",\"t9\":\"x\",\"t10\":\"x\",\"t11\":\"x\",\"t12\":\"x\",\"t13\":\"x\",\"t14\":\"x\",\"t15\":\"x\",\"t16\":\"x\",\"t17\":\"x\",\"t18\":\"x\",\"t19\":\"\",\"t20\":\"\",\"t21\":\"\",\"t22\":\"\",\"t23\":\"\",\"t24\":\"\",\"t25\":\"\",\"t26\":\"\",\"t27\":\"\",\"t28\":\"\",\"t29\":\"\",\"t30\":\"\",\"t31\":\"\",\"t32\":\"\",\"t33\":\"\",\"t34\":\"\",\"t35\":\"\",\"t36\":\"\",\"t37\":\"\",\"t38\":\"\",\"t39\":\"\",\"t40\":\"\",\"t41\":\"\",\"t42\":\"\",\"t43\":\"\",\"t44\":\"\",\"t45\":\"\",\"t46\":\"\",\"t47\":\"\",\"t48\":\"\",\"t49\":\"\",\"t50\":\"\",\"t51\":\"\",\"t52\":\"\",\"t53\":\"\",\"t54\":\"\",\"t55\":\"\",\"t56\":\"\",\"t57\":\"\",\"t58\":\"\",\"t59\":\"\",\"t60\":\"\"}');
INSERT INTO `chitiet_lichday` VALUES (82, '3', '5', '4', '137', '11', '17', '11', '{\"t1\":\"x\",\"t2\":\"x\",\"t3\":\"x\",\"t4\":\"\",\"t5\":\"\",\"t6\":\"\",\"t7\":\"x\",\"t8\":\"x\",\"t9\":\"x\",\"t10\":\"x\",\"t11\":\"x\",\"t12\":\"x\",\"t13\":\"x\",\"t14\":\"x\",\"t15\":\"x\",\"t16\":\"x\",\"t17\":\"x\",\"t18\":\"x\",\"t19\":\"\",\"t20\":\"\",\"t21\":\"\",\"t22\":\"\",\"t23\":\"\",\"t24\":\"\",\"t25\":\"\",\"t26\":\"\",\"t27\":\"\",\"t28\":\"\",\"t29\":\"\",\"t30\":\"\",\"t31\":\"\",\"t32\":\"\",\"t33\":\"\",\"t34\":\"\",\"t35\":\"\",\"t36\":\"\",\"t37\":\"\",\"t38\":\"\",\"t39\":\"\",\"t40\":\"\",\"t41\":\"\",\"t42\":\"\",\"t43\":\"\",\"t44\":\"\",\"t45\":\"\",\"t46\":\"\",\"t47\":\"\",\"t48\":\"\",\"t49\":\"\",\"t50\":\"\",\"t51\":\"\",\"t52\":\"\",\"t53\":\"\",\"t54\":\"\",\"t55\":\"\",\"t56\":\"\",\"t57\":\"\",\"t58\":\"\",\"t59\":\"\",\"t60\":\"\"}');
INSERT INTO `chitiet_lichday` VALUES (83, '3', '7', '1', '138', '11', '17', '11', '{\"t1\":\"x\",\"t2\":\"x\",\"t3\":\"x\",\"t4\":\"\",\"t5\":\"\",\"t6\":\"\",\"t7\":\"x\",\"t8\":\"x\",\"t9\":\"x\",\"t10\":\"x\",\"t11\":\"x\",\"t12\":\"x\",\"t13\":\"x\",\"t14\":\"x\",\"t15\":\"x\",\"t16\":\"x\",\"t17\":\"x\",\"t18\":\"x\",\"t19\":\"\",\"t20\":\"\",\"t21\":\"\",\"t22\":\"\",\"t23\":\"\",\"t24\":\"\",\"t25\":\"\",\"t26\":\"\",\"t27\":\"\",\"t28\":\"\",\"t29\":\"\",\"t30\":\"\",\"t31\":\"\",\"t32\":\"\",\"t33\":\"\",\"t34\":\"\",\"t35\":\"\",\"t36\":\"\",\"t37\":\"\",\"t38\":\"\",\"t39\":\"\",\"t40\":\"\",\"t41\":\"\",\"t42\":\"\",\"t43\":\"\",\"t44\":\"\",\"t45\":\"\",\"t46\":\"\",\"t47\":\"\",\"t48\":\"\",\"t49\":\"\",\"t50\":\"\",\"t51\":\"\",\"t52\":\"\",\"t53\":\"\",\"t54\":\"\",\"t55\":\"\",\"t56\":\"\",\"t57\":\"\",\"t58\":\"\",\"t59\":\"\",\"t60\":\"\"}');
INSERT INTO `chitiet_lichday` VALUES (84, '3', '7', '2', '139', '11', '17', '11', '{\"t1\":\"x\",\"t2\":\"x\",\"t3\":\"x\",\"t4\":\"\",\"t5\":\"\",\"t6\":\"\",\"t7\":\"x\",\"t8\":\"x\",\"t9\":\"x\",\"t10\":\"x\",\"t11\":\"x\",\"t12\":\"x\",\"t13\":\"x\",\"t14\":\"x\",\"t15\":\"x\",\"t16\":\"x\",\"t17\":\"x\",\"t18\":\"x\",\"t19\":\"\",\"t20\":\"\",\"t21\":\"\",\"t22\":\"\",\"t23\":\"\",\"t24\":\"\",\"t25\":\"\",\"t26\":\"\",\"t27\":\"\",\"t28\":\"\",\"t29\":\"\",\"t30\":\"\",\"t31\":\"\",\"t32\":\"\",\"t33\":\"\",\"t34\":\"\",\"t35\":\"\",\"t36\":\"\",\"t37\":\"\",\"t38\":\"\",\"t39\":\"\",\"t40\":\"\",\"t41\":\"\",\"t42\":\"\",\"t43\":\"\",\"t44\":\"\",\"t45\":\"\",\"t46\":\"\",\"t47\":\"\",\"t48\":\"\",\"t49\":\"\",\"t50\":\"\",\"t51\":\"\",\"t52\":\"\",\"t53\":\"\",\"t54\":\"\",\"t55\":\"\",\"t56\":\"\",\"t57\":\"\",\"t58\":\"\",\"t59\":\"\",\"t60\":\"\"}');
INSERT INTO `chitiet_lichday` VALUES (85, '3', '2', '3', '140', '16', '18', '12', '{\"t1\":\"\",\"t2\":\"x\",\"t3\":\"x\",\"t4\":\"\",\"t5\":\"\",\"t6\":\"\",\"t7\":\"x\",\"t8\":\"\",\"t9\":\"\",\"t10\":\"\",\"t11\":\"\",\"t12\":\"\",\"t13\":\"\",\"t14\":\"\",\"t15\":\"\",\"t16\":\"\",\"t17\":\"\",\"t18\":\"\",\"t19\":\"\",\"t20\":\"\",\"t21\":\"\",\"t22\":\"\",\"t23\":\"\",\"t24\":\"\",\"t25\":\"\",\"t26\":\"\",\"t27\":\"\",\"t28\":\"\",\"t29\":\"\",\"t30\":\"\",\"t31\":\"\",\"t32\":\"\",\"t33\":\"\",\"t34\":\"\",\"t35\":\"\",\"t36\":\"\",\"t37\":\"\",\"t38\":\"\",\"t39\":\"\",\"t40\":\"\",\"t41\":\"\",\"t42\":\"\",\"t43\":\"\",\"t44\":\"\",\"t45\":\"\",\"t46\":\"\",\"t47\":\"\",\"t48\":\"\",\"t49\":\"\",\"t50\":\"\",\"t51\":\"\",\"t52\":\"\",\"t53\":\"\",\"t54\":\"\",\"t55\":\"\",\"t56\":\"\",\"t57\":\"\",\"t58\":\"\",\"t59\":\"\",\"t60\":\"\"}');
INSERT INTO `chitiet_lichday` VALUES (86, '3', '2', '4', '140', '16', '18', '12', '{\"t1\":\"\",\"t2\":\"x\",\"t3\":\"x\",\"t4\":\"\",\"t5\":\"\",\"t6\":\"\",\"t7\":\"x\",\"t8\":\"\",\"t9\":\"\",\"t10\":\"\",\"t11\":\"\",\"t12\":\"\",\"t13\":\"\",\"t14\":\"\",\"t15\":\"\",\"t16\":\"\",\"t17\":\"\",\"t18\":\"\",\"t19\":\"\",\"t20\":\"\",\"t21\":\"\",\"t22\":\"\",\"t23\":\"\",\"t24\":\"\",\"t25\":\"\",\"t26\":\"\",\"t27\":\"\",\"t28\":\"\",\"t29\":\"\",\"t30\":\"\",\"t31\":\"\",\"t32\":\"\",\"t33\":\"\",\"t34\":\"\",\"t35\":\"\",\"t36\":\"\",\"t37\":\"\",\"t38\":\"\",\"t39\":\"\",\"t40\":\"\",\"t41\":\"\",\"t42\":\"\",\"t43\":\"\",\"t44\":\"\",\"t45\":\"\",\"t46\":\"\",\"t47\":\"\",\"t48\":\"\",\"t49\":\"\",\"t50\":\"\",\"t51\":\"\",\"t52\":\"\",\"t53\":\"\",\"t54\":\"\",\"t55\":\"\",\"t56\":\"\",\"t57\":\"\",\"t58\":\"\",\"t59\":\"\",\"t60\":\"\"}');
INSERT INTO `chitiet_lichday` VALUES (87, '3', '4', '3', '141', '16', '18', '12', '{\"t1\":\"x\",\"t2\":\"x\",\"t3\":\"x\",\"t4\":\"\",\"t5\":\"\",\"t6\":\"\",\"t7\":\"\",\"t8\":\"\",\"t9\":\"\",\"t10\":\"\",\"t11\":\"\",\"t12\":\"\",\"t13\":\"\",\"t14\":\"\",\"t15\":\"\",\"t16\":\"\",\"t17\":\"\",\"t18\":\"\",\"t19\":\"\",\"t20\":\"\",\"t21\":\"\",\"t22\":\"\",\"t23\":\"\",\"t24\":\"\",\"t25\":\"\",\"t26\":\"\",\"t27\":\"\",\"t28\":\"\",\"t29\":\"\",\"t30\":\"\",\"t31\":\"\",\"t32\":\"\",\"t33\":\"\",\"t34\":\"\",\"t35\":\"\",\"t36\":\"\",\"t37\":\"\",\"t38\":\"\",\"t39\":\"\",\"t40\":\"\",\"t41\":\"\",\"t42\":\"\",\"t43\":\"\",\"t44\":\"\",\"t45\":\"\",\"t46\":\"\",\"t47\":\"\",\"t48\":\"\",\"t49\":\"\",\"t50\":\"\",\"t51\":\"\",\"t52\":\"\",\"t53\":\"\",\"t54\":\"\",\"t55\":\"\",\"t56\":\"\",\"t57\":\"\",\"t58\":\"\",\"t59\":\"\",\"t60\":\"\"}');
INSERT INTO `chitiet_lichday` VALUES (88, '3', '4', '4', '141', '16', '18', '12', '{\"t1\":\"x\",\"t2\":\"x\",\"t3\":\"x\",\"t4\":\"\",\"t5\":\"\",\"t6\":\"\",\"t7\":\"\",\"t8\":\"\",\"t9\":\"\",\"t10\":\"\",\"t11\":\"\",\"t12\":\"\",\"t13\":\"\",\"t14\":\"\",\"t15\":\"\",\"t16\":\"\",\"t17\":\"\",\"t18\":\"\",\"t19\":\"\",\"t20\":\"\",\"t21\":\"\",\"t22\":\"\",\"t23\":\"\",\"t24\":\"\",\"t25\":\"\",\"t26\":\"\",\"t27\":\"\",\"t28\":\"\",\"t29\":\"\",\"t30\":\"\",\"t31\":\"\",\"t32\":\"\",\"t33\":\"\",\"t34\":\"\",\"t35\":\"\",\"t36\":\"\",\"t37\":\"\",\"t38\":\"\",\"t39\":\"\",\"t40\":\"\",\"t41\":\"\",\"t42\":\"\",\"t43\":\"\",\"t44\":\"\",\"t45\":\"\",\"t46\":\"\",\"t47\":\"\",\"t48\":\"\",\"t49\":\"\",\"t50\":\"\",\"t51\":\"\",\"t52\":\"\",\"t53\":\"\",\"t54\":\"\",\"t55\":\"\",\"t56\":\"\",\"t57\":\"\",\"t58\":\"\",\"t59\":\"\",\"t60\":\"\"}');
INSERT INTO `chitiet_lichday` VALUES (89, '3', '6', '3', '142', '17', '24', '12', '{\"t1\":\"x\",\"t2\":\"x\",\"t3\":\"x\",\"t4\":\"\",\"t5\":\"\",\"t6\":\"\",\"t7\":\"\",\"t8\":\"\",\"t9\":\"\",\"t10\":\"\",\"t11\":\"\",\"t12\":\"\",\"t13\":\"\",\"t14\":\"\",\"t15\":\"\",\"t16\":\"\",\"t17\":\"\",\"t18\":\"\",\"t19\":\"\",\"t20\":\"\",\"t21\":\"\",\"t22\":\"\",\"t23\":\"\",\"t24\":\"\",\"t25\":\"\",\"t26\":\"\",\"t27\":\"\",\"t28\":\"\",\"t29\":\"\",\"t30\":\"\",\"t31\":\"\",\"t32\":\"\",\"t33\":\"\",\"t34\":\"\",\"t35\":\"\",\"t36\":\"\",\"t37\":\"\",\"t38\":\"\",\"t39\":\"\",\"t40\":\"\",\"t41\":\"\",\"t42\":\"\",\"t43\":\"\",\"t44\":\"\",\"t45\":\"\",\"t46\":\"\",\"t47\":\"\",\"t48\":\"\",\"t49\":\"\",\"t50\":\"\",\"t51\":\"\",\"t52\":\"\",\"t53\":\"\",\"t54\":\"\",\"t55\":\"\",\"t56\":\"\",\"t57\":\"\",\"t58\":\"\",\"t59\":\"\",\"t60\":\"\"}');
INSERT INTO `chitiet_lichday` VALUES (90, '3', '6', '4', '142', '17', '24', '12', '{\"t1\":\"x\",\"t2\":\"x\",\"t3\":\"x\",\"t4\":\"\",\"t5\":\"\",\"t6\":\"\",\"t7\":\"\",\"t8\":\"\",\"t9\":\"\",\"t10\":\"\",\"t11\":\"\",\"t12\":\"\",\"t13\":\"\",\"t14\":\"\",\"t15\":\"\",\"t16\":\"\",\"t17\":\"\",\"t18\":\"\",\"t19\":\"\",\"t20\":\"\",\"t21\":\"\",\"t22\":\"\",\"t23\":\"\",\"t24\":\"\",\"t25\":\"\",\"t26\":\"\",\"t27\":\"\",\"t28\":\"\",\"t29\":\"\",\"t30\":\"\",\"t31\":\"\",\"t32\":\"\",\"t33\":\"\",\"t34\":\"\",\"t35\":\"\",\"t36\":\"\",\"t37\":\"\",\"t38\":\"\",\"t39\":\"\",\"t40\":\"\",\"t41\":\"\",\"t42\":\"\",\"t43\":\"\",\"t44\":\"\",\"t45\":\"\",\"t46\":\"\",\"t47\":\"\",\"t48\":\"\",\"t49\":\"\",\"t50\":\"\",\"t51\":\"\",\"t52\":\"\",\"t53\":\"\",\"t54\":\"\",\"t55\":\"\",\"t56\":\"\",\"t57\":\"\",\"t58\":\"\",\"t59\":\"\",\"t60\":\"\"}');
INSERT INTO `chitiet_lichday` VALUES (91, '3', '3', '1', '143', '11', '17', '13', '{\"t1\":\"\",\"t2\":\"x\",\"t3\":\"x\",\"t4\":\"\",\"t5\":\"\",\"t6\":\"\",\"t7\":\"x\",\"t8\":\"x\",\"t9\":\"x\",\"t10\":\"x\",\"t11\":\"x\",\"t12\":\"x\",\"t13\":\"x\",\"t14\":\"x\",\"t15\":\"x\",\"t16\":\"x\",\"t17\":\"x\",\"t18\":\"x\",\"t19\":\"x\",\"t20\":\"\",\"t21\":\"\",\"t22\":\"\",\"t23\":\"\",\"t24\":\"\",\"t25\":\"\",\"t26\":\"\",\"t27\":\"\",\"t28\":\"\",\"t29\":\"\",\"t30\":\"\",\"t31\":\"\",\"t32\":\"\",\"t33\":\"\",\"t34\":\"\",\"t35\":\"\",\"t36\":\"\",\"t37\":\"\",\"t38\":\"\",\"t39\":\"\",\"t40\":\"\",\"t41\":\"\",\"t42\":\"\",\"t43\":\"\",\"t44\":\"\",\"t45\":\"\",\"t46\":\"\",\"t47\":\"\",\"t48\":\"\",\"t49\":\"\",\"t50\":\"\",\"t51\":\"\",\"t52\":\"\",\"t53\":\"\",\"t54\":\"\",\"t55\":\"\",\"t56\":\"\",\"t57\":\"\",\"t58\":\"\",\"t59\":\"\",\"t60\":\"\"}');
INSERT INTO `chitiet_lichday` VALUES (92, '3', '3', '2', '144', '11', '17', '13', '{\"t1\":\"\",\"t2\":\"x\",\"t3\":\"x\",\"t4\":\"\",\"t5\":\"\",\"t6\":\"\",\"t7\":\"x\",\"t8\":\"x\",\"t9\":\"x\",\"t10\":\"x\",\"t11\":\"x\",\"t12\":\"x\",\"t13\":\"x\",\"t14\":\"x\",\"t15\":\"x\",\"t16\":\"x\",\"t17\":\"x\",\"t18\":\"x\",\"t19\":\"x\",\"t20\":\"\",\"t21\":\"\",\"t22\":\"\",\"t23\":\"\",\"t24\":\"\",\"t25\":\"\",\"t26\":\"\",\"t27\":\"\",\"t28\":\"\",\"t29\":\"\",\"t30\":\"\",\"t31\":\"\",\"t32\":\"\",\"t33\":\"\",\"t34\":\"\",\"t35\":\"\",\"t36\":\"\",\"t37\":\"\",\"t38\":\"\",\"t39\":\"\",\"t40\":\"\",\"t41\":\"\",\"t42\":\"\",\"t43\":\"\",\"t44\":\"\",\"t45\":\"\",\"t46\":\"\",\"t47\":\"\",\"t48\":\"\",\"t49\":\"\",\"t50\":\"\",\"t51\":\"\",\"t52\":\"\",\"t53\":\"\",\"t54\":\"\",\"t55\":\"\",\"t56\":\"\",\"t57\":\"\",\"t58\":\"\",\"t59\":\"\",\"t60\":\"\"}');
INSERT INTO `chitiet_lichday` VALUES (93, '3', '5', '2', '145', '15', '24', '13', '{\"t1\":\"\",\"t2\":\"\",\"t3\":\"\",\"t4\":\"\",\"t5\":\"\",\"t6\":\"\",\"t7\":\"x\",\"t8\":\"x\",\"t9\":\"x\",\"t10\":\"x\",\"t11\":\"x\",\"t12\":\"x\",\"t13\":\"x\",\"t14\":\"x\",\"t15\":\"x\",\"t16\":\"x\",\"t17\":\"\",\"t18\":\"\",\"t19\":\"\",\"t20\":\"\",\"t21\":\"\",\"t22\":\"\",\"t23\":\"\",\"t24\":\"\",\"t25\":\"\",\"t26\":\"\",\"t27\":\"\",\"t28\":\"\",\"t29\":\"\",\"t30\":\"\",\"t31\":\"\",\"t32\":\"\",\"t33\":\"\",\"t34\":\"\",\"t35\":\"\",\"t36\":\"\",\"t37\":\"\",\"t38\":\"\",\"t39\":\"\",\"t40\":\"\",\"t41\":\"\",\"t42\":\"\",\"t43\":\"\",\"t44\":\"\",\"t45\":\"\",\"t46\":\"\",\"t47\":\"\",\"t48\":\"\",\"t49\":\"\",\"t50\":\"\",\"t51\":\"\",\"t52\":\"\",\"t53\":\"\",\"t54\":\"\",\"t55\":\"\",\"t56\":\"\",\"t57\":\"\",\"t58\":\"\",\"t59\":\"\",\"t60\":\"\"}');
INSERT INTO `chitiet_lichday` VALUES (94, '3', '5', '3', '146', '15', '20', '13', '{\"t1\":\"\",\"t2\":\"\",\"t3\":\"\",\"t4\":\"\",\"t5\":\"\",\"t6\":\"\",\"t7\":\"x\",\"t8\":\"x\",\"t9\":\"x\",\"t10\":\"x\",\"t11\":\"x\",\"t12\":\"x\",\"t13\":\"x\",\"t14\":\"x\",\"t15\":\"x\",\"t16\":\"x\",\"t17\":\"\",\"t18\":\"\",\"t19\":\"\",\"t20\":\"\",\"t21\":\"\",\"t22\":\"\",\"t23\":\"\",\"t24\":\"\",\"t25\":\"\",\"t26\":\"\",\"t27\":\"\",\"t28\":\"\",\"t29\":\"\",\"t30\":\"\",\"t31\":\"\",\"t32\":\"\",\"t33\":\"\",\"t34\":\"\",\"t35\":\"\",\"t36\":\"\",\"t37\":\"\",\"t38\":\"\",\"t39\":\"\",\"t40\":\"\",\"t41\":\"\",\"t42\":\"\",\"t43\":\"\",\"t44\":\"\",\"t45\":\"\",\"t46\":\"\",\"t47\":\"\",\"t48\":\"\",\"t49\":\"\",\"t50\":\"\",\"t51\":\"\",\"t52\":\"\",\"t53\":\"\",\"t54\":\"\",\"t55\":\"\",\"t56\":\"\",\"t57\":\"\",\"t58\":\"\",\"t59\":\"\",\"t60\":\"\"}');
INSERT INTO `chitiet_lichday` VALUES (95, '3', '5', '4', '147', '15', '20', '13', '{\"t1\":\"\",\"t2\":\"\",\"t3\":\"\",\"t4\":\"\",\"t5\":\"\",\"t6\":\"\",\"t7\":\"x\",\"t8\":\"x\",\"t9\":\"x\",\"t10\":\"x\",\"t11\":\"x\",\"t12\":\"x\",\"t13\":\"x\",\"t14\":\"x\",\"t15\":\"x\",\"t16\":\"x\",\"t17\":\"\",\"t18\":\"\",\"t19\":\"\",\"t20\":\"\",\"t21\":\"\",\"t22\":\"\",\"t23\":\"\",\"t24\":\"\",\"t25\":\"\",\"t26\":\"\",\"t27\":\"\",\"t28\":\"\",\"t29\":\"\",\"t30\":\"\",\"t31\":\"\",\"t32\":\"\",\"t33\":\"\",\"t34\":\"\",\"t35\":\"\",\"t36\":\"\",\"t37\":\"\",\"t38\":\"\",\"t39\":\"\",\"t40\":\"\",\"t41\":\"\",\"t42\":\"\",\"t43\":\"\",\"t44\":\"\",\"t45\":\"\",\"t46\":\"\",\"t47\":\"\",\"t48\":\"\",\"t49\":\"\",\"t50\":\"\",\"t51\":\"\",\"t52\":\"\",\"t53\":\"\",\"t54\":\"\",\"t55\":\"\",\"t56\":\"\",\"t57\":\"\",\"t58\":\"\",\"t59\":\"\",\"t60\":\"\"}');
INSERT INTO `chitiet_lichday` VALUES (96, '3', '2', '1', '118', '12', '19', '14', '{\"t1\":\"\",\"t2\":\"\",\"t3\":\"\",\"t4\":\"\",\"t5\":\"\",\"t6\":\"\",\"t7\":\"x\",\"t8\":\"x\",\"t9\":\"x\",\"t10\":\"x\",\"t11\":\"x\",\"t12\":\"x\",\"t13\":\"x\",\"t14\":\"x\",\"t15\":\"x\",\"t16\":\"x\",\"t17\":\"\",\"t18\":\"\",\"t19\":\"\",\"t20\":\"\",\"t21\":\"\",\"t22\":\"\",\"t23\":\"\",\"t24\":\"\",\"t25\":\"\",\"t26\":\"\",\"t27\":\"\",\"t28\":\"\",\"t29\":\"\",\"t30\":\"\",\"t31\":\"\",\"t32\":\"\",\"t33\":\"\",\"t34\":\"\",\"t35\":\"\",\"t36\":\"\",\"t37\":\"\",\"t38\":\"\",\"t39\":\"\",\"t40\":\"\",\"t41\":\"\",\"t42\":\"\",\"t43\":\"\",\"t44\":\"\",\"t45\":\"\",\"t46\":\"\",\"t47\":\"\",\"t48\":\"\",\"t49\":\"\",\"t50\":\"\",\"t51\":\"\",\"t52\":\"\",\"t53\":\"\",\"t54\":\"\",\"t55\":\"\",\"t56\":\"\",\"t57\":\"\",\"t58\":\"\",\"t59\":\"\",\"t60\":\"\"}');
INSERT INTO `chitiet_lichday` VALUES (97, '3', '2', '2', '97', '12', '19', '14', '{\"t1\":\"\",\"t2\":\"\",\"t3\":\"\",\"t4\":\"\",\"t5\":\"\",\"t6\":\"\",\"t7\":\"x\",\"t8\":\"x\",\"t9\":\"x\",\"t10\":\"x\",\"t11\":\"x\",\"t12\":\"x\",\"t13\":\"x\",\"t14\":\"x\",\"t15\":\"x\",\"t16\":\"x\",\"t17\":\"\",\"t18\":\"\",\"t19\":\"\",\"t20\":\"\",\"t21\":\"\",\"t22\":\"\",\"t23\":\"\",\"t24\":\"\",\"t25\":\"\",\"t26\":\"\",\"t27\":\"\",\"t28\":\"\",\"t29\":\"\",\"t30\":\"\",\"t31\":\"\",\"t32\":\"\",\"t33\":\"\",\"t34\":\"\",\"t35\":\"\",\"t36\":\"\",\"t37\":\"\",\"t38\":\"\",\"t39\":\"\",\"t40\":\"\",\"t41\":\"\",\"t42\":\"\",\"t43\":\"\",\"t44\":\"\",\"t45\":\"\",\"t46\":\"\",\"t47\":\"\",\"t48\":\"\",\"t49\":\"\",\"t50\":\"\",\"t51\":\"\",\"t52\":\"\",\"t53\":\"\",\"t54\":\"\",\"t55\":\"\",\"t56\":\"\",\"t57\":\"\",\"t58\":\"\",\"t59\":\"\",\"t60\":\"\"}');
INSERT INTO `chitiet_lichday` VALUES (98, '3', '3', '2', '131', '12', '18', '14', '{\"t1\":\"\",\"t2\":\"\",\"t3\":\"\",\"t4\":\"\",\"t5\":\"\",\"t6\":\"\",\"t7\":\"x\",\"t8\":\"x\",\"t9\":\"x\",\"t10\":\"x\",\"t11\":\"x\",\"t12\":\"x\",\"t13\":\"x\",\"t14\":\"x\",\"t15\":\"x\",\"t16\":\"x\",\"t17\":\"\",\"t18\":\"\",\"t19\":\"\",\"t20\":\"\",\"t21\":\"\",\"t22\":\"\",\"t23\":\"\",\"t24\":\"\",\"t25\":\"\",\"t26\":\"\",\"t27\":\"\",\"t28\":\"\",\"t29\":\"\",\"t30\":\"\",\"t31\":\"\",\"t32\":\"\",\"t33\":\"\",\"t34\":\"\",\"t35\":\"\",\"t36\":\"\",\"t37\":\"\",\"t38\":\"\",\"t39\":\"\",\"t40\":\"\",\"t41\":\"\",\"t42\":\"\",\"t43\":\"\",\"t44\":\"\",\"t45\":\"\",\"t46\":\"\",\"t47\":\"\",\"t48\":\"\",\"t49\":\"\",\"t50\":\"\",\"t51\":\"\",\"t52\":\"\",\"t53\":\"\",\"t54\":\"\",\"t55\":\"\",\"t56\":\"\",\"t57\":\"\",\"t58\":\"\",\"t59\":\"\",\"t60\":\"\"}');
INSERT INTO `chitiet_lichday` VALUES (99, '3', '4', '3', '148', '13', '23', '14', '{\"t1\":\"\",\"t2\":\"\",\"t3\":\"\",\"t4\":\"\",\"t5\":\"\",\"t6\":\"\",\"t7\":\"x\",\"t8\":\"x\",\"t9\":\"x\",\"t10\":\"x\",\"t11\":\"x\",\"t12\":\"x\",\"t13\":\"x\",\"t14\":\"x\",\"t15\":\"\",\"t16\":\"x\",\"t17\":\"x\",\"t18\":\"\",\"t19\":\"\",\"t20\":\"\",\"t21\":\"\",\"t22\":\"\",\"t23\":\"\",\"t24\":\"\",\"t25\":\"\",\"t26\":\"\",\"t27\":\"\",\"t28\":\"\",\"t29\":\"\",\"t30\":\"\",\"t31\":\"\",\"t32\":\"\",\"t33\":\"\",\"t34\":\"\",\"t35\":\"\",\"t36\":\"\",\"t37\":\"\",\"t38\":\"\",\"t39\":\"\",\"t40\":\"\",\"t41\":\"\",\"t42\":\"\",\"t43\":\"\",\"t44\":\"\",\"t45\":\"\",\"t46\":\"\",\"t47\":\"\",\"t48\":\"\",\"t49\":\"\",\"t50\":\"\",\"t51\":\"\",\"t52\":\"\",\"t53\":\"\",\"t54\":\"\",\"t55\":\"\",\"t56\":\"\",\"t57\":\"\",\"t58\":\"\",\"t59\":\"\",\"t60\":\"\"}');
INSERT INTO `chitiet_lichday` VALUES (100, '3', '4', '4', '149', '13', '23', '14', '{\"t1\":\"\",\"t2\":\"\",\"t3\":\"\",\"t4\":\"\",\"t5\":\"\",\"t6\":\"\",\"t7\":\"x\",\"t8\":\"x\",\"t9\":\"x\",\"t10\":\"x\",\"t11\":\"x\",\"t12\":\"x\",\"t13\":\"x\",\"t14\":\"x\",\"t15\":\"\",\"t16\":\"x\",\"t17\":\"x\",\"t18\":\"\",\"t19\":\"\",\"t20\":\"\",\"t21\":\"\",\"t22\":\"\",\"t23\":\"\",\"t24\":\"\",\"t25\":\"\",\"t26\":\"\",\"t27\":\"\",\"t28\":\"\",\"t29\":\"\",\"t30\":\"\",\"t31\":\"\",\"t32\":\"\",\"t33\":\"\",\"t34\":\"\",\"t35\":\"\",\"t36\":\"\",\"t37\":\"\",\"t38\":\"\",\"t39\":\"\",\"t40\":\"\",\"t41\":\"\",\"t42\":\"\",\"t43\":\"\",\"t44\":\"\",\"t45\":\"\",\"t46\":\"\",\"t47\":\"\",\"t48\":\"\",\"t49\":\"\",\"t50\":\"\",\"t51\":\"\",\"t52\":\"\",\"t53\":\"\",\"t54\":\"\",\"t55\":\"\",\"t56\":\"\",\"t57\":\"\",\"t58\":\"\",\"t59\":\"\",\"t60\":\"\"}');
INSERT INTO `chitiet_lichday` VALUES (101, '3', '5', '2', '119', '12', '21', '14', '{\"t1\":\"\",\"t2\":\"\",\"t3\":\"\",\"t4\":\"\",\"t5\":\"\",\"t6\":\"\",\"t7\":\"x\",\"t8\":\"x\",\"t9\":\"x\",\"t10\":\"x\",\"t11\":\"x\",\"t12\":\"x\",\"t13\":\"x\",\"t14\":\"x\",\"t15\":\"x\",\"t16\":\"x\",\"t17\":\"\",\"t18\":\"\",\"t19\":\"\",\"t20\":\"\",\"t21\":\"\",\"t22\":\"\",\"t23\":\"\",\"t24\":\"\",\"t25\":\"\",\"t26\":\"\",\"t27\":\"\",\"t28\":\"\",\"t29\":\"\",\"t30\":\"\",\"t31\":\"\",\"t32\":\"\",\"t33\":\"\",\"t34\":\"\",\"t35\":\"\",\"t36\":\"\",\"t37\":\"\",\"t38\":\"\",\"t39\":\"\",\"t40\":\"\",\"t41\":\"\",\"t42\":\"\",\"t43\":\"\",\"t44\":\"\",\"t45\":\"\",\"t46\":\"\",\"t47\":\"\",\"t48\":\"\",\"t49\":\"\",\"t50\":\"\",\"t51\":\"\",\"t52\":\"\",\"t53\":\"\",\"t54\":\"\",\"t55\":\"\",\"t56\":\"\",\"t57\":\"\",\"t58\":\"\",\"t59\":\"\",\"t60\":\"\"}');
INSERT INTO `chitiet_lichday` VALUES (102, '3', '5', '3', '133', '12', '23', '14', '{\"t1\":\"\",\"t2\":\"\",\"t3\":\"\",\"t4\":\"\",\"t5\":\"\",\"t6\":\"\",\"t7\":\"x\",\"t8\":\"x\",\"t9\":\"x\",\"t10\":\"x\",\"t11\":\"x\",\"t12\":\"x\",\"t13\":\"x\",\"t14\":\"x\",\"t15\":\"x\",\"t16\":\"x\",\"t17\":\"\",\"t18\":\"\",\"t19\":\"\",\"t20\":\"\",\"t21\":\"\",\"t22\":\"\",\"t23\":\"\",\"t24\":\"\",\"t25\":\"\",\"t26\":\"\",\"t27\":\"\",\"t28\":\"\",\"t29\":\"\",\"t30\":\"\",\"t31\":\"\",\"t32\":\"\",\"t33\":\"\",\"t34\":\"\",\"t35\":\"\",\"t36\":\"\",\"t37\":\"\",\"t38\":\"\",\"t39\":\"\",\"t40\":\"\",\"t41\":\"\",\"t42\":\"\",\"t43\":\"\",\"t44\":\"\",\"t45\":\"\",\"t46\":\"\",\"t47\":\"\",\"t48\":\"\",\"t49\":\"\",\"t50\":\"\",\"t51\":\"\",\"t52\":\"\",\"t53\":\"\",\"t54\":\"\",\"t55\":\"\",\"t56\":\"\",\"t57\":\"\",\"t58\":\"\",\"t59\":\"\",\"t60\":\"\"}');
INSERT INTO `chitiet_lichday` VALUES (103, '3', '5', '4', '117', '12', '23', '14', '{\"t1\":\"\",\"t2\":\"\",\"t3\":\"\",\"t4\":\"\",\"t5\":\"\",\"t6\":\"\",\"t7\":\"x\",\"t8\":\"x\",\"t9\":\"x\",\"t10\":\"x\",\"t11\":\"x\",\"t12\":\"x\",\"t13\":\"x\",\"t14\":\"x\",\"t15\":\"x\",\"t16\":\"x\",\"t17\":\"\",\"t18\":\"\",\"t19\":\"\",\"t20\":\"\",\"t21\":\"\",\"t22\":\"\",\"t23\":\"\",\"t24\":\"\",\"t25\":\"\",\"t26\":\"\",\"t27\":\"\",\"t28\":\"\",\"t29\":\"\",\"t30\":\"\",\"t31\":\"\",\"t32\":\"\",\"t33\":\"\",\"t34\":\"\",\"t35\":\"\",\"t36\":\"\",\"t37\":\"\",\"t38\":\"\",\"t39\":\"\",\"t40\":\"\",\"t41\":\"\",\"t42\":\"\",\"t43\":\"\",\"t44\":\"\",\"t45\":\"\",\"t46\":\"\",\"t47\":\"\",\"t48\":\"\",\"t49\":\"\",\"t50\":\"\",\"t51\":\"\",\"t52\":\"\",\"t53\":\"\",\"t54\":\"\",\"t55\":\"\",\"t56\":\"\",\"t57\":\"\",\"t58\":\"\",\"t59\":\"\",\"t60\":\"\"}');
INSERT INTO `chitiet_lichday` VALUES (104, '3', '6', '1', '95', '12', '18', '14', '{\"t1\":\"\",\"t2\":\"\",\"t3\":\"\",\"t4\":\"\",\"t5\":\"\",\"t6\":\"\",\"t7\":\"x\",\"t8\":\"x\",\"t9\":\"x\",\"t10\":\"x\",\"t11\":\"x\",\"t12\":\"x\",\"t13\":\"x\",\"t14\":\"x\",\"t15\":\"x\",\"t16\":\"x\",\"t17\":\"\",\"t18\":\"\",\"t19\":\"\",\"t20\":\"\",\"t21\":\"\",\"t22\":\"\",\"t23\":\"\",\"t24\":\"\",\"t25\":\"\",\"t26\":\"\",\"t27\":\"\",\"t28\":\"\",\"t29\":\"\",\"t30\":\"\",\"t31\":\"\",\"t32\":\"\",\"t33\":\"\",\"t34\":\"\",\"t35\":\"\",\"t36\":\"\",\"t37\":\"\",\"t38\":\"\",\"t39\":\"\",\"t40\":\"\",\"t41\":\"\",\"t42\":\"\",\"t43\":\"\",\"t44\":\"\",\"t45\":\"\",\"t46\":\"\",\"t47\":\"\",\"t48\":\"\",\"t49\":\"\",\"t50\":\"\",\"t51\":\"\",\"t52\":\"\",\"t53\":\"\",\"t54\":\"\",\"t55\":\"\",\"t56\":\"\",\"t57\":\"\",\"t58\":\"\",\"t59\":\"\",\"t60\":\"\"}');
INSERT INTO `chitiet_lichday` VALUES (105, '3', '6', '2', '132', '12', '18', '14', '{\"t1\":\"\",\"t2\":\"\",\"t3\":\"\",\"t4\":\"\",\"t5\":\"\",\"t6\":\"\",\"t7\":\"x\",\"t8\":\"x\",\"t9\":\"x\",\"t10\":\"x\",\"t11\":\"x\",\"t12\":\"x\",\"t13\":\"x\",\"t14\":\"x\",\"t15\":\"x\",\"t16\":\"x\",\"t17\":\"\",\"t18\":\"\",\"t19\":\"\",\"t20\":\"\",\"t21\":\"\",\"t22\":\"\",\"t23\":\"\",\"t24\":\"\",\"t25\":\"\",\"t26\":\"\",\"t27\":\"\",\"t28\":\"\",\"t29\":\"\",\"t30\":\"\",\"t31\":\"\",\"t32\":\"\",\"t33\":\"\",\"t34\":\"\",\"t35\":\"\",\"t36\":\"\",\"t37\":\"\",\"t38\":\"\",\"t39\":\"\",\"t40\":\"\",\"t41\":\"\",\"t42\":\"\",\"t43\":\"\",\"t44\":\"\",\"t45\":\"\",\"t46\":\"\",\"t47\":\"\",\"t48\":\"\",\"t49\":\"\",\"t50\":\"\",\"t51\":\"\",\"t52\":\"\",\"t53\":\"\",\"t54\":\"\",\"t55\":\"\",\"t56\":\"\",\"t57\":\"\",\"t58\":\"\",\"t59\":\"\",\"t60\":\"\"}');
INSERT INTO `chitiet_lichday` VALUES (106, '3', '6', '3', '150', '15', '20', '14', '{\"t1\":\"\",\"t2\":\"\",\"t3\":\"\",\"t4\":\"\",\"t5\":\"\",\"t6\":\"\",\"t7\":\"x\",\"t8\":\"x\",\"t9\":\"x\",\"t10\":\"x\",\"t11\":\"x\",\"t12\":\"x\",\"t13\":\"x\",\"t14\":\"x\",\"t15\":\"x\",\"t16\":\"x\",\"t17\":\"\",\"t18\":\"\",\"t19\":\"\",\"t20\":\"\",\"t21\":\"\",\"t22\":\"\",\"t23\":\"\",\"t24\":\"\",\"t25\":\"\",\"t26\":\"\",\"t27\":\"\",\"t28\":\"\",\"t29\":\"\",\"t30\":\"\",\"t31\":\"\",\"t32\":\"\",\"t33\":\"\",\"t34\":\"\",\"t35\":\"\",\"t36\":\"\",\"t37\":\"\",\"t38\":\"\",\"t39\":\"\",\"t40\":\"\",\"t41\":\"\",\"t42\":\"\",\"t43\":\"\",\"t44\":\"\",\"t45\":\"\",\"t46\":\"\",\"t47\":\"\",\"t48\":\"\",\"t49\":\"\",\"t50\":\"\",\"t51\":\"\",\"t52\":\"\",\"t53\":\"\",\"t54\":\"\",\"t55\":\"\",\"t56\":\"\",\"t57\":\"\",\"t58\":\"\",\"t59\":\"\",\"t60\":\"\"}');
INSERT INTO `chitiet_lichday` VALUES (107, '3', '6', '4', '151', '15', '20', '14', '{\"t1\":\"\",\"t2\":\"\",\"t3\":\"\",\"t4\":\"\",\"t5\":\"\",\"t6\":\"\",\"t7\":\"x\",\"t8\":\"x\",\"t9\":\"x\",\"t10\":\"x\",\"t11\":\"x\",\"t12\":\"x\",\"t13\":\"x\",\"t14\":\"x\",\"t15\":\"x\",\"t16\":\"x\",\"t17\":\"\",\"t18\":\"\",\"t19\":\"\",\"t20\":\"\",\"t21\":\"\",\"t22\":\"\",\"t23\":\"\",\"t24\":\"\",\"t25\":\"\",\"t26\":\"\",\"t27\":\"\",\"t28\":\"\",\"t29\":\"\",\"t30\":\"\",\"t31\":\"\",\"t32\":\"\",\"t33\":\"\",\"t34\":\"\",\"t35\":\"\",\"t36\":\"\",\"t37\":\"\",\"t38\":\"\",\"t39\":\"\",\"t40\":\"\",\"t41\":\"\",\"t42\":\"\",\"t43\":\"\",\"t44\":\"\",\"t45\":\"\",\"t46\":\"\",\"t47\":\"\",\"t48\":\"\",\"t49\":\"\",\"t50\":\"\",\"t51\":\"\",\"t52\":\"\",\"t53\":\"\",\"t54\":\"\",\"t55\":\"\",\"t56\":\"\",\"t57\":\"\",\"t58\":\"\",\"t59\":\"\",\"t60\":\"\"}');
INSERT INTO `chitiet_lichday` VALUES (108, '3', '2', '1', '152', '18', '18', '15', '{\"t1\":\"\",\"t2\":\"\",\"t3\":\"\",\"t4\":\"\",\"t5\":\"\",\"t6\":\"\",\"t7\":\"x\",\"t8\":\"x\",\"t9\":\"x\",\"t10\":\"x\",\"t11\":\"x\",\"t12\":\"x\",\"t13\":\"x\",\"t14\":\"x\",\"t15\":\"x\",\"t16\":\"x\",\"t17\":\"\",\"t18\":\"\",\"t19\":\"\",\"t20\":\"\",\"t21\":\"\",\"t22\":\"\",\"t23\":\"\",\"t24\":\"\",\"t25\":\"\",\"t26\":\"\",\"t27\":\"\",\"t28\":\"\",\"t29\":\"\",\"t30\":\"\",\"t31\":\"\",\"t32\":\"\",\"t33\":\"\",\"t34\":\"\",\"t35\":\"\",\"t36\":\"\",\"t37\":\"\",\"t38\":\"\",\"t39\":\"\",\"t40\":\"\",\"t41\":\"\",\"t42\":\"\",\"t43\":\"\",\"t44\":\"\",\"t45\":\"\",\"t46\":\"\",\"t47\":\"\",\"t48\":\"\",\"t49\":\"\",\"t50\":\"\",\"t51\":\"\",\"t52\":\"\",\"t53\":\"\",\"t54\":\"\",\"t55\":\"\",\"t56\":\"\",\"t57\":\"\",\"t58\":\"\",\"t59\":\"\",\"t60\":\"\"}');
INSERT INTO `chitiet_lichday` VALUES (109, '3', '2', '2', '153', '18', '18', '15', '{\"t1\":\"\",\"t2\":\"\",\"t3\":\"\",\"t4\":\"\",\"t5\":\"\",\"t6\":\"\",\"t7\":\"x\",\"t8\":\"x\",\"t9\":\"x\",\"t10\":\"x\",\"t11\":\"x\",\"t12\":\"x\",\"t13\":\"x\",\"t14\":\"x\",\"t15\":\"x\",\"t16\":\"x\",\"t17\":\"\",\"t18\":\"\",\"t19\":\"\",\"t20\":\"\",\"t21\":\"\",\"t22\":\"\",\"t23\":\"\",\"t24\":\"\",\"t25\":\"\",\"t26\":\"\",\"t27\":\"\",\"t28\":\"\",\"t29\":\"\",\"t30\":\"\",\"t31\":\"\",\"t32\":\"\",\"t33\":\"\",\"t34\":\"\",\"t35\":\"\",\"t36\":\"\",\"t37\":\"\",\"t38\":\"\",\"t39\":\"\",\"t40\":\"\",\"t41\":\"\",\"t42\":\"\",\"t43\":\"\",\"t44\":\"\",\"t45\":\"\",\"t46\":\"\",\"t47\":\"\",\"t48\":\"\",\"t49\":\"\",\"t50\":\"\",\"t51\":\"\",\"t52\":\"\",\"t53\":\"\",\"t54\":\"\",\"t55\":\"\",\"t56\":\"\",\"t57\":\"\",\"t58\":\"\",\"t59\":\"\",\"t60\":\"\"}');
INSERT INTO `chitiet_lichday` VALUES (110, '3', '3', '1', '145', '19', '21', '15', '{\"t1\":\"\",\"t2\":\"\",\"t3\":\"\",\"t4\":\"\",\"t5\":\"\",\"t6\":\"\",\"t7\":\"\",\"t8\":\"x\",\"t9\":\"x\",\"t10\":\"x\",\"t11\":\"x\",\"t12\":\"x\",\"t13\":\"x\",\"t14\":\"x\",\"t15\":\"x\",\"t16\":\"x\",\"t17\":\"x\",\"t18\":\"\",\"t19\":\"\",\"t20\":\"\",\"t21\":\"\",\"t22\":\"\",\"t23\":\"\",\"t24\":\"\",\"t25\":\"\",\"t26\":\"\",\"t27\":\"\",\"t28\":\"\",\"t29\":\"\",\"t30\":\"\",\"t31\":\"\",\"t32\":\"\",\"t33\":\"\",\"t34\":\"\",\"t35\":\"\",\"t36\":\"\",\"t37\":\"\",\"t38\":\"\",\"t39\":\"\",\"t40\":\"\",\"t41\":\"\",\"t42\":\"\",\"t43\":\"\",\"t44\":\"\",\"t45\":\"\",\"t46\":\"\",\"t47\":\"\",\"t48\":\"\",\"t49\":\"\",\"t50\":\"\",\"t51\":\"\",\"t52\":\"\",\"t53\":\"\",\"t54\":\"\",\"t55\":\"\",\"t56\":\"\",\"t57\":\"\",\"t58\":\"\",\"t59\":\"\",\"t60\":\"\"}');
INSERT INTO `chitiet_lichday` VALUES (111, '3', '3', '2', '154', '19', '21', '15', '{\"t1\":\"\",\"t2\":\"\",\"t3\":\"\",\"t4\":\"\",\"t5\":\"\",\"t6\":\"\",\"t7\":\"\",\"t8\":\"x\",\"t9\":\"x\",\"t10\":\"x\",\"t11\":\"x\",\"t12\":\"x\",\"t13\":\"x\",\"t14\":\"x\",\"t15\":\"x\",\"t16\":\"x\",\"t17\":\"x\",\"t18\":\"\",\"t19\":\"\",\"t20\":\"\",\"t21\":\"\",\"t22\":\"\",\"t23\":\"\",\"t24\":\"\",\"t25\":\"\",\"t26\":\"\",\"t27\":\"\",\"t28\":\"\",\"t29\":\"\",\"t30\":\"\",\"t31\":\"\",\"t32\":\"\",\"t33\":\"\",\"t34\":\"\",\"t35\":\"\",\"t36\":\"\",\"t37\":\"\",\"t38\":\"\",\"t39\":\"\",\"t40\":\"\",\"t41\":\"\",\"t42\":\"\",\"t43\":\"\",\"t44\":\"\",\"t45\":\"\",\"t46\":\"\",\"t47\":\"\",\"t48\":\"\",\"t49\":\"\",\"t50\":\"\",\"t51\":\"\",\"t52\":\"\",\"t53\":\"\",\"t54\":\"\",\"t55\":\"\",\"t56\":\"\",\"t57\":\"\",\"t58\":\"\",\"t59\":\"\",\"t60\":\"\"}');
INSERT INTO `chitiet_lichday` VALUES (112, '3', '4', '3', '141', '16', '18', '15', '{\"t1\":\"\",\"t2\":\"\",\"t3\":\"\",\"t4\":\"\",\"t5\":\"\",\"t6\":\"\",\"t7\":\"x\",\"t8\":\"x\",\"t9\":\"x\",\"t10\":\"x\",\"t11\":\"x\",\"t12\":\"x\",\"t13\":\"\",\"t14\":\"\",\"t15\":\"\",\"t16\":\"\",\"t17\":\"\",\"t18\":\"\",\"t19\":\"\",\"t20\":\"\",\"t21\":\"\",\"t22\":\"\",\"t23\":\"\",\"t24\":\"\",\"t25\":\"\",\"t26\":\"\",\"t27\":\"\",\"t28\":\"\",\"t29\":\"\",\"t30\":\"\",\"t31\":\"\",\"t32\":\"\",\"t33\":\"\",\"t34\":\"\",\"t35\":\"\",\"t36\":\"\",\"t37\":\"\",\"t38\":\"\",\"t39\":\"\",\"t40\":\"\",\"t41\":\"\",\"t42\":\"\",\"t43\":\"\",\"t44\":\"\",\"t45\":\"\",\"t46\":\"\",\"t47\":\"\",\"t48\":\"\",\"t49\":\"\",\"t50\":\"\",\"t51\":\"\",\"t52\":\"\",\"t53\":\"\",\"t54\":\"\",\"t55\":\"\",\"t56\":\"\",\"t57\":\"\",\"t58\":\"\",\"t59\":\"\",\"t60\":\"\"}');
INSERT INTO `chitiet_lichday` VALUES (113, '3', '4', '4', '141', '16', '18', '15', '{\"t1\":\"\",\"t2\":\"\",\"t3\":\"\",\"t4\":\"\",\"t5\":\"\",\"t6\":\"\",\"t7\":\"x\",\"t8\":\"x\",\"t9\":\"x\",\"t10\":\"x\",\"t11\":\"x\",\"t12\":\"x\",\"t13\":\"\",\"t14\":\"\",\"t15\":\"\",\"t16\":\"\",\"t17\":\"\",\"t18\":\"\",\"t19\":\"\",\"t20\":\"\",\"t21\":\"\",\"t22\":\"\",\"t23\":\"\",\"t24\":\"\",\"t25\":\"\",\"t26\":\"\",\"t27\":\"\",\"t28\":\"\",\"t29\":\"\",\"t30\":\"\",\"t31\":\"\",\"t32\":\"\",\"t33\":\"\",\"t34\":\"\",\"t35\":\"\",\"t36\":\"\",\"t37\":\"\",\"t38\":\"\",\"t39\":\"\",\"t40\":\"\",\"t41\":\"\",\"t42\":\"\",\"t43\":\"\",\"t44\":\"\",\"t45\":\"\",\"t46\":\"\",\"t47\":\"\",\"t48\":\"\",\"t49\":\"\",\"t50\":\"\",\"t51\":\"\",\"t52\":\"\",\"t53\":\"\",\"t54\":\"\",\"t55\":\"\",\"t56\":\"\",\"t57\":\"\",\"t58\":\"\",\"t59\":\"\",\"t60\":\"\"}');
INSERT INTO `chitiet_lichday` VALUES (114, '3', '5', '2', '155', '20', '17', '15', '{\"t1\":\"\",\"t2\":\"\",\"t3\":\"\",\"t4\":\"\",\"t5\":\"\",\"t6\":\"\",\"t7\":\"\",\"t8\":\"\",\"t9\":\"\",\"t10\":\"\",\"t11\":\"\",\"t12\":\"\",\"t13\":\"\",\"t14\":\"x\",\"t15\":\"x\",\"t16\":\"x\",\"t17\":\"x\",\"t18\":\"x\",\"t19\":\"\",\"t20\":\"\",\"t21\":\"\",\"t22\":\"\",\"t23\":\"\",\"t24\":\"\",\"t25\":\"\",\"t26\":\"\",\"t27\":\"\",\"t28\":\"\",\"t29\":\"\",\"t30\":\"\",\"t31\":\"\",\"t32\":\"\",\"t33\":\"\",\"t34\":\"\",\"t35\":\"\",\"t36\":\"\",\"t37\":\"\",\"t38\":\"\",\"t39\":\"\",\"t40\":\"\",\"t41\":\"\",\"t42\":\"\",\"t43\":\"\",\"t44\":\"\",\"t45\":\"\",\"t46\":\"\",\"t47\":\"\",\"t48\":\"\",\"t49\":\"\",\"t50\":\"\",\"t51\":\"\",\"t52\":\"\",\"t53\":\"\",\"t54\":\"\",\"t55\":\"\",\"t56\":\"\",\"t57\":\"\",\"t58\":\"\",\"t59\":\"\",\"t60\":\"\"}');
INSERT INTO `chitiet_lichday` VALUES (115, '3', '7', '3', '156', '18', '21', '15', '{\"t1\":\"\",\"t2\":\"\",\"t3\":\"\",\"t4\":\"\",\"t5\":\"\",\"t6\":\"\",\"t7\":\"x\",\"t8\":\"x\",\"t9\":\"x\",\"t10\":\"x\",\"t11\":\"x\",\"t12\":\"x\",\"t13\":\"x\",\"t14\":\"x\",\"t15\":\"x\",\"t16\":\"x\",\"t17\":\"\",\"t18\":\"\",\"t19\":\"\",\"t20\":\"\",\"t21\":\"\",\"t22\":\"\",\"t23\":\"\",\"t24\":\"\",\"t25\":\"\",\"t26\":\"\",\"t27\":\"\",\"t28\":\"\",\"t29\":\"\",\"t30\":\"\",\"t31\":\"\",\"t32\":\"\",\"t33\":\"\",\"t34\":\"\",\"t35\":\"\",\"t36\":\"\",\"t37\":\"\",\"t38\":\"\",\"t39\":\"\",\"t40\":\"\",\"t41\":\"\",\"t42\":\"\",\"t43\":\"\",\"t44\":\"\",\"t45\":\"\",\"t46\":\"\",\"t47\":\"\",\"t48\":\"\",\"t49\":\"\",\"t50\":\"\",\"t51\":\"\",\"t52\":\"\",\"t53\":\"\",\"t54\":\"\",\"t55\":\"\",\"t56\":\"\",\"t57\":\"\",\"t58\":\"\",\"t59\":\"\",\"t60\":\"\"}');
INSERT INTO `chitiet_lichday` VALUES (116, '3', '7', '4', '157', '18', '21', '15', '{\"t1\":\"\",\"t2\":\"\",\"t3\":\"\",\"t4\":\"\",\"t5\":\"\",\"t6\":\"\",\"t7\":\"x\",\"t8\":\"x\",\"t9\":\"x\",\"t10\":\"x\",\"t11\":\"x\",\"t12\":\"x\",\"t13\":\"x\",\"t14\":\"x\",\"t15\":\"x\",\"t16\":\"x\",\"t17\":\"\",\"t18\":\"\",\"t19\":\"\",\"t20\":\"\",\"t21\":\"\",\"t22\":\"\",\"t23\":\"\",\"t24\":\"\",\"t25\":\"\",\"t26\":\"\",\"t27\":\"\",\"t28\":\"\",\"t29\":\"\",\"t30\":\"\",\"t31\":\"\",\"t32\":\"\",\"t33\":\"\",\"t34\":\"\",\"t35\":\"\",\"t36\":\"\",\"t37\":\"\",\"t38\":\"\",\"t39\":\"\",\"t40\":\"\",\"t41\":\"\",\"t42\":\"\",\"t43\":\"\",\"t44\":\"\",\"t45\":\"\",\"t46\":\"\",\"t47\":\"\",\"t48\":\"\",\"t49\":\"\",\"t50\":\"\",\"t51\":\"\",\"t52\":\"\",\"t53\":\"\",\"t54\":\"\",\"t55\":\"\",\"t56\":\"\",\"t57\":\"\",\"t58\":\"\",\"t59\":\"\",\"t60\":\"\"}');
INSERT INTO `chitiet_lichday` VALUES (117, '3', '7', '2', '155', '21', '24', '15', '{\"t1\":\"\",\"t2\":\"\",\"t3\":\"\",\"t4\":\"\",\"t5\":\"\",\"t6\":\"\",\"t7\":\"\",\"t8\":\"x\",\"t9\":\"x\",\"t10\":\"x\",\"t11\":\"x\",\"t12\":\"x\",\"t13\":\"x\",\"t14\":\"x\",\"t15\":\"x\",\"t16\":\"x\",\"t17\":\"x\",\"t18\":\"\",\"t19\":\"\",\"t20\":\"\",\"t21\":\"\",\"t22\":\"\",\"t23\":\"\",\"t24\":\"\",\"t25\":\"\",\"t26\":\"\",\"t27\":\"\",\"t28\":\"\",\"t29\":\"\",\"t30\":\"\",\"t31\":\"\",\"t32\":\"\",\"t33\":\"\",\"t34\":\"\",\"t35\":\"\",\"t36\":\"\",\"t37\":\"\",\"t38\":\"\",\"t39\":\"\",\"t40\":\"\",\"t41\":\"\",\"t42\":\"\",\"t43\":\"\",\"t44\":\"\",\"t45\":\"\",\"t46\":\"\",\"t47\":\"\",\"t48\":\"\",\"t49\":\"\",\"t50\":\"\",\"t51\":\"\",\"t52\":\"\",\"t53\":\"\",\"t54\":\"\",\"t55\":\"\",\"t56\":\"\",\"t57\":\"\",\"t58\":\"\",\"t59\":\"\",\"t60\":\"\"}');
INSERT INTO `chitiet_lichday` VALUES (118, '3', '2', '3', '158', '15', '20', '16', '{\"t1\":\"\",\"t2\":\"\",\"t3\":\"\",\"t4\":\"\",\"t5\":\"\",\"t6\":\"\",\"t7\":\"x\",\"t8\":\"x\",\"t9\":\"x\",\"t10\":\"x\",\"t11\":\"x\",\"t12\":\"x\",\"t13\":\"x\",\"t14\":\"x\",\"t15\":\"x\",\"t16\":\"x\",\"t17\":\"\",\"t18\":\"\",\"t19\":\"\",\"t20\":\"\",\"t21\":\"\",\"t22\":\"\",\"t23\":\"\",\"t24\":\"\",\"t25\":\"\",\"t26\":\"\",\"t27\":\"\",\"t28\":\"\",\"t29\":\"\",\"t30\":\"\",\"t31\":\"\",\"t32\":\"\",\"t33\":\"\",\"t34\":\"\",\"t35\":\"\",\"t36\":\"\",\"t37\":\"\",\"t38\":\"\",\"t39\":\"\",\"t40\":\"\",\"t41\":\"\",\"t42\":\"\",\"t43\":\"\",\"t44\":\"\",\"t45\":\"\",\"t46\":\"\",\"t47\":\"\",\"t48\":\"\",\"t49\":\"\",\"t50\":\"\",\"t51\":\"\",\"t52\":\"\",\"t53\":\"\",\"t54\":\"\",\"t55\":\"\",\"t56\":\"\",\"t57\":\"\",\"t58\":\"\",\"t59\":\"\",\"t60\":\"\"}');
INSERT INTO `chitiet_lichday` VALUES (119, '3', '2', '4', '159', '15', '20', '16', '{\"t1\":\"\",\"t2\":\"\",\"t3\":\"\",\"t4\":\"\",\"t5\":\"\",\"t6\":\"\",\"t7\":\"x\",\"t8\":\"x\",\"t9\":\"x\",\"t10\":\"x\",\"t11\":\"x\",\"t12\":\"x\",\"t13\":\"x\",\"t14\":\"x\",\"t15\":\"x\",\"t16\":\"x\",\"t17\":\"\",\"t18\":\"\",\"t19\":\"\",\"t20\":\"\",\"t21\":\"\",\"t22\":\"\",\"t23\":\"\",\"t24\":\"\",\"t25\":\"\",\"t26\":\"\",\"t27\":\"\",\"t28\":\"\",\"t29\":\"\",\"t30\":\"\",\"t31\":\"\",\"t32\":\"\",\"t33\":\"\",\"t34\":\"\",\"t35\":\"\",\"t36\":\"\",\"t37\":\"\",\"t38\":\"\",\"t39\":\"\",\"t40\":\"\",\"t41\":\"\",\"t42\":\"\",\"t43\":\"\",\"t44\":\"\",\"t45\":\"\",\"t46\":\"\",\"t47\":\"\",\"t48\":\"\",\"t49\":\"\",\"t50\":\"\",\"t51\":\"\",\"t52\":\"\",\"t53\":\"\",\"t54\":\"\",\"t55\":\"\",\"t56\":\"\",\"t57\":\"\",\"t58\":\"\",\"t59\":\"\",\"t60\":\"\"}');
INSERT INTO `chitiet_lichday` VALUES (120, '3', '7', '3', '160', '15', '24', '16', '{\"t1\":\"\",\"t2\":\"\",\"t3\":\"\",\"t4\":\"\",\"t5\":\"\",\"t6\":\"\",\"t7\":\"x\",\"t8\":\"x\",\"t9\":\"x\",\"t10\":\"x\",\"t11\":\"x\",\"t12\":\"x\",\"t13\":\"x\",\"t14\":\"x\",\"t15\":\"x\",\"t16\":\"x\",\"t17\":\"\",\"t18\":\"\",\"t19\":\"\",\"t20\":\"\",\"t21\":\"\",\"t22\":\"\",\"t23\":\"\",\"t24\":\"\",\"t25\":\"\",\"t26\":\"\",\"t27\":\"\",\"t28\":\"\",\"t29\":\"\",\"t30\":\"\",\"t31\":\"\",\"t32\":\"\",\"t33\":\"\",\"t34\":\"\",\"t35\":\"\",\"t36\":\"\",\"t37\":\"\",\"t38\":\"\",\"t39\":\"\",\"t40\":\"\",\"t41\":\"\",\"t42\":\"\",\"t43\":\"\",\"t44\":\"\",\"t45\":\"\",\"t46\":\"\",\"t47\":\"\",\"t48\":\"\",\"t49\":\"\",\"t50\":\"\",\"t51\":\"\",\"t52\":\"\",\"t53\":\"\",\"t54\":\"\",\"t55\":\"\",\"t56\":\"\",\"t57\":\"\",\"t58\":\"\",\"t59\":\"\",\"t60\":\"\"}');
INSERT INTO `chitiet_lichday` VALUES (121, '3', '7', '4', '161', '15', '24', '16', '{\"t1\":\"\",\"t2\":\"\",\"t3\":\"\",\"t4\":\"\",\"t5\":\"\",\"t6\":\"\",\"t7\":\"x\",\"t8\":\"x\",\"t9\":\"x\",\"t10\":\"x\",\"t11\":\"x\",\"t12\":\"x\",\"t13\":\"x\",\"t14\":\"x\",\"t15\":\"x\",\"t16\":\"x\",\"t17\":\"\",\"t18\":\"\",\"t19\":\"\",\"t20\":\"\",\"t21\":\"\",\"t22\":\"\",\"t23\":\"\",\"t24\":\"\",\"t25\":\"\",\"t26\":\"\",\"t27\":\"\",\"t28\":\"\",\"t29\":\"\",\"t30\":\"\",\"t31\":\"\",\"t32\":\"\",\"t33\":\"\",\"t34\":\"\",\"t35\":\"\",\"t36\":\"\",\"t37\":\"\",\"t38\":\"\",\"t39\":\"\",\"t40\":\"\",\"t41\":\"\",\"t42\":\"\",\"t43\":\"\",\"t44\":\"\",\"t45\":\"\",\"t46\":\"\",\"t47\":\"\",\"t48\":\"\",\"t49\":\"\",\"t50\":\"\",\"t51\":\"\",\"t52\":\"\",\"t53\":\"\",\"t54\":\"\",\"t55\":\"\",\"t56\":\"\",\"t57\":\"\",\"t58\":\"\",\"t59\":\"\",\"t60\":\"\"}');
INSERT INTO `chitiet_lichday` VALUES (122, '3', '2', '3', '159', '22', '21', '17', '{\"t1\":\"\",\"t2\":\"\",\"t3\":\"\",\"t4\":\"\",\"t5\":\"\",\"t6\":\"\",\"t7\":\"x\",\"t8\":\"x\",\"t9\":\"x\",\"t10\":\"x\",\"t11\":\"x\",\"t12\":\"x\",\"t13\":\"x\",\"t14\":\"x\",\"t15\":\"x\",\"t16\":\"x\",\"t17\":\"\",\"t18\":\"\",\"t19\":\"\",\"t20\":\"\",\"t21\":\"\",\"t22\":\"\",\"t23\":\"\",\"t24\":\"\",\"t25\":\"\",\"t26\":\"\",\"t27\":\"\",\"t28\":\"\",\"t29\":\"\",\"t30\":\"\",\"t31\":\"\",\"t32\":\"\",\"t33\":\"\",\"t34\":\"\",\"t35\":\"\",\"t36\":\"\",\"t37\":\"\",\"t38\":\"\",\"t39\":\"\",\"t40\":\"\",\"t41\":\"\",\"t42\":\"\",\"t43\":\"\",\"t44\":\"\",\"t45\":\"\",\"t46\":\"\",\"t47\":\"\",\"t48\":\"\",\"t49\":\"\",\"t50\":\"\",\"t51\":\"\",\"t52\":\"\",\"t53\":\"\",\"t54\":\"\",\"t55\":\"\",\"t56\":\"\",\"t57\":\"\",\"t58\":\"\",\"t59\":\"\",\"t60\":\"\"}');
INSERT INTO `chitiet_lichday` VALUES (123, '3', '2', '4', '158', '22', '21', '17', '{\"t1\":\"\",\"t2\":\"\",\"t3\":\"\",\"t4\":\"\",\"t5\":\"\",\"t6\":\"\",\"t7\":\"x\",\"t8\":\"x\",\"t9\":\"x\",\"t10\":\"x\",\"t11\":\"x\",\"t12\":\"x\",\"t13\":\"x\",\"t14\":\"x\",\"t15\":\"x\",\"t16\":\"x\",\"t17\":\"\",\"t18\":\"\",\"t19\":\"\",\"t20\":\"\",\"t21\":\"\",\"t22\":\"\",\"t23\":\"\",\"t24\":\"\",\"t25\":\"\",\"t26\":\"\",\"t27\":\"\",\"t28\":\"\",\"t29\":\"\",\"t30\":\"\",\"t31\":\"\",\"t32\":\"\",\"t33\":\"\",\"t34\":\"\",\"t35\":\"\",\"t36\":\"\",\"t37\":\"\",\"t38\":\"\",\"t39\":\"\",\"t40\":\"\",\"t41\":\"\",\"t42\":\"\",\"t43\":\"\",\"t44\":\"\",\"t45\":\"\",\"t46\":\"\",\"t47\":\"\",\"t48\":\"\",\"t49\":\"\",\"t50\":\"\",\"t51\":\"\",\"t52\":\"\",\"t53\":\"\",\"t54\":\"\",\"t55\":\"\",\"t56\":\"\",\"t57\":\"\",\"t58\":\"\",\"t59\":\"\",\"t60\":\"\"}');
INSERT INTO `chitiet_lichday` VALUES (124, '3', '3', '2', '145', '22', '23', '17', '{\"t1\":\"\",\"t2\":\"\",\"t3\":\"\",\"t4\":\"\",\"t5\":\"\",\"t6\":\"\",\"t7\":\"x\",\"t8\":\"x\",\"t9\":\"x\",\"t10\":\"x\",\"t11\":\"x\",\"t12\":\"x\",\"t13\":\"x\",\"t14\":\"x\",\"t15\":\"x\",\"t16\":\"x\",\"t17\":\"\",\"t18\":\"\",\"t19\":\"\",\"t20\":\"\",\"t21\":\"\",\"t22\":\"\",\"t23\":\"\",\"t24\":\"\",\"t25\":\"\",\"t26\":\"\",\"t27\":\"\",\"t28\":\"\",\"t29\":\"\",\"t30\":\"\",\"t31\":\"\",\"t32\":\"\",\"t33\":\"\",\"t34\":\"\",\"t35\":\"\",\"t36\":\"\",\"t37\":\"\",\"t38\":\"\",\"t39\":\"\",\"t40\":\"\",\"t41\":\"\",\"t42\":\"\",\"t43\":\"\",\"t44\":\"\",\"t45\":\"\",\"t46\":\"\",\"t47\":\"\",\"t48\":\"\",\"t49\":\"\",\"t50\":\"\",\"t51\":\"\",\"t52\":\"\",\"t53\":\"\",\"t54\":\"\",\"t55\":\"\",\"t56\":\"\",\"t57\":\"\",\"t58\":\"\",\"t59\":\"\",\"t60\":\"\"}');
INSERT INTO `chitiet_lichday` VALUES (125, '3', '7', '1', '130', '22', '20', '17', '{\"t1\":\"\",\"t2\":\"\",\"t3\":\"\",\"t4\":\"\",\"t5\":\"\",\"t6\":\"\",\"t7\":\"x\",\"t8\":\"x\",\"t9\":\"x\",\"t10\":\"x\",\"t11\":\"x\",\"t12\":\"x\",\"t13\":\"x\",\"t14\":\"x\",\"t15\":\"x\",\"t16\":\"x\",\"t17\":\"\",\"t18\":\"\",\"t19\":\"\",\"t20\":\"\",\"t21\":\"\",\"t22\":\"\",\"t23\":\"\",\"t24\":\"\",\"t25\":\"\",\"t26\":\"\",\"t27\":\"\",\"t28\":\"\",\"t29\":\"\",\"t30\":\"\",\"t31\":\"\",\"t32\":\"\",\"t33\":\"\",\"t34\":\"\",\"t35\":\"\",\"t36\":\"\",\"t37\":\"\",\"t38\":\"\",\"t39\":\"\",\"t40\":\"\",\"t41\":\"\",\"t42\":\"\",\"t43\":\"\",\"t44\":\"\",\"t45\":\"\",\"t46\":\"\",\"t47\":\"\",\"t48\":\"\",\"t49\":\"\",\"t50\":\"\",\"t51\":\"\",\"t52\":\"\",\"t53\":\"\",\"t54\":\"\",\"t55\":\"\",\"t56\":\"\",\"t57\":\"\",\"t58\":\"\",\"t59\":\"\",\"t60\":\"\"}');
INSERT INTO `chitiet_lichday` VALUES (126, '3', '7', '2', '129', '22', '20', '17', '{\"t1\":\"\",\"t2\":\"\",\"t3\":\"\",\"t4\":\"\",\"t5\":\"\",\"t6\":\"\",\"t7\":\"x\",\"t8\":\"x\",\"t9\":\"x\",\"t10\":\"x\",\"t11\":\"x\",\"t12\":\"x\",\"t13\":\"x\",\"t14\":\"x\",\"t15\":\"x\",\"t16\":\"x\",\"t17\":\"\",\"t18\":\"\",\"t19\":\"\",\"t20\":\"\",\"t21\":\"\",\"t22\":\"\",\"t23\":\"\",\"t24\":\"\",\"t25\":\"\",\"t26\":\"\",\"t27\":\"\",\"t28\":\"\",\"t29\":\"\",\"t30\":\"\",\"t31\":\"\",\"t32\":\"\",\"t33\":\"\",\"t34\":\"\",\"t35\":\"\",\"t36\":\"\",\"t37\":\"\",\"t38\":\"\",\"t39\":\"\",\"t40\":\"\",\"t41\":\"\",\"t42\":\"\",\"t43\":\"\",\"t44\":\"\",\"t45\":\"\",\"t46\":\"\",\"t47\":\"\",\"t48\":\"\",\"t49\":\"\",\"t50\":\"\",\"t51\":\"\",\"t52\":\"\",\"t53\":\"\",\"t54\":\"\",\"t55\":\"\",\"t56\":\"\",\"t57\":\"\",\"t58\":\"\",\"t59\":\"\",\"t60\":\"\"}');
INSERT INTO `chitiet_lichday` VALUES (127, '3', '2', '1', '162', '22', '21', '18', '{\"t1\":\"\",\"t2\":\"\",\"t3\":\"\",\"t4\":\"\",\"t5\":\"\",\"t6\":\"\",\"t7\":\"x\",\"t8\":\"x\",\"t9\":\"x\",\"t10\":\"x\",\"t11\":\"x\",\"t12\":\"x\",\"t13\":\"x\",\"t14\":\"x\",\"t15\":\"x\",\"t16\":\"x\",\"t17\":\"\",\"t18\":\"\",\"t19\":\"\",\"t20\":\"\",\"t21\":\"\",\"t22\":\"\",\"t23\":\"\",\"t24\":\"\",\"t25\":\"\",\"t26\":\"\",\"t27\":\"\",\"t28\":\"\",\"t29\":\"\",\"t30\":\"\",\"t31\":\"\",\"t32\":\"\",\"t33\":\"\",\"t34\":\"\",\"t35\":\"\",\"t36\":\"\",\"t37\":\"\",\"t38\":\"\",\"t39\":\"\",\"t40\":\"\",\"t41\":\"\",\"t42\":\"\",\"t43\":\"\",\"t44\":\"\",\"t45\":\"\",\"t46\":\"\",\"t47\":\"\",\"t48\":\"\",\"t49\":\"\",\"t50\":\"\",\"t51\":\"\",\"t52\":\"\",\"t53\":\"\",\"t54\":\"\",\"t55\":\"\",\"t56\":\"\",\"t57\":\"\",\"t58\":\"\",\"t59\":\"\",\"t60\":\"\"}');
INSERT INTO `chitiet_lichday` VALUES (128, '3', '2', '2', '154', '22', '21', '18', '{\"t1\":\"\",\"t2\":\"\",\"t3\":\"\",\"t4\":\"\",\"t5\":\"\",\"t6\":\"\",\"t7\":\"x\",\"t8\":\"x\",\"t9\":\"x\",\"t10\":\"x\",\"t11\":\"x\",\"t12\":\"x\",\"t13\":\"x\",\"t14\":\"x\",\"t15\":\"x\",\"t16\":\"x\",\"t17\":\"\",\"t18\":\"\",\"t19\":\"\",\"t20\":\"\",\"t21\":\"\",\"t22\":\"\",\"t23\":\"\",\"t24\":\"\",\"t25\":\"\",\"t26\":\"\",\"t27\":\"\",\"t28\":\"\",\"t29\":\"\",\"t30\":\"\",\"t31\":\"\",\"t32\":\"\",\"t33\":\"\",\"t34\":\"\",\"t35\":\"\",\"t36\":\"\",\"t37\":\"\",\"t38\":\"\",\"t39\":\"\",\"t40\":\"\",\"t41\":\"\",\"t42\":\"\",\"t43\":\"\",\"t44\":\"\",\"t45\":\"\",\"t46\":\"\",\"t47\":\"\",\"t48\":\"\",\"t49\":\"\",\"t50\":\"\",\"t51\":\"\",\"t52\":\"\",\"t53\":\"\",\"t54\":\"\",\"t55\":\"\",\"t56\":\"\",\"t57\":\"\",\"t58\":\"\",\"t59\":\"\",\"t60\":\"\"}');
INSERT INTO `chitiet_lichday` VALUES (129, '3', '5', '3', '147', '22', '21', '18', '{\"t1\":\"\",\"t2\":\"\",\"t3\":\"\",\"t4\":\"\",\"t5\":\"\",\"t6\":\"\",\"t7\":\"x\",\"t8\":\"x\",\"t9\":\"x\",\"t10\":\"x\",\"t11\":\"x\",\"t12\":\"x\",\"t13\":\"x\",\"t14\":\"x\",\"t15\":\"x\",\"t16\":\"x\",\"t17\":\"\",\"t18\":\"\",\"t19\":\"\",\"t20\":\"\",\"t21\":\"\",\"t22\":\"\",\"t23\":\"\",\"t24\":\"\",\"t25\":\"\",\"t26\":\"\",\"t27\":\"\",\"t28\":\"\",\"t29\":\"\",\"t30\":\"\",\"t31\":\"\",\"t32\":\"\",\"t33\":\"\",\"t34\":\"\",\"t35\":\"\",\"t36\":\"\",\"t37\":\"\",\"t38\":\"\",\"t39\":\"\",\"t40\":\"\",\"t41\":\"\",\"t42\":\"\",\"t43\":\"\",\"t44\":\"\",\"t45\":\"\",\"t46\":\"\",\"t47\":\"\",\"t48\":\"\",\"t49\":\"\",\"t50\":\"\",\"t51\":\"\",\"t52\":\"\",\"t53\":\"\",\"t54\":\"\",\"t55\":\"\",\"t56\":\"\",\"t57\":\"\",\"t58\":\"\",\"t59\":\"\",\"t60\":\"\"}');
INSERT INTO `chitiet_lichday` VALUES (130, '3', '5', '4', '146', '22', '21', '18', '{\"t1\":\"\",\"t2\":\"\",\"t3\":\"\",\"t4\":\"\",\"t5\":\"\",\"t6\":\"\",\"t7\":\"x\",\"t8\":\"x\",\"t9\":\"x\",\"t10\":\"x\",\"t11\":\"x\",\"t12\":\"x\",\"t13\":\"x\",\"t14\":\"x\",\"t15\":\"x\",\"t16\":\"x\",\"t17\":\"\",\"t18\":\"\",\"t19\":\"\",\"t20\":\"\",\"t21\":\"\",\"t22\":\"\",\"t23\":\"\",\"t24\":\"\",\"t25\":\"\",\"t26\":\"\",\"t27\":\"\",\"t28\":\"\",\"t29\":\"\",\"t30\":\"\",\"t31\":\"\",\"t32\":\"\",\"t33\":\"\",\"t34\":\"\",\"t35\":\"\",\"t36\":\"\",\"t37\":\"\",\"t38\":\"\",\"t39\":\"\",\"t40\":\"\",\"t41\":\"\",\"t42\":\"\",\"t43\":\"\",\"t44\":\"\",\"t45\":\"\",\"t46\":\"\",\"t47\":\"\",\"t48\":\"\",\"t49\":\"\",\"t50\":\"\",\"t51\":\"\",\"t52\":\"\",\"t53\":\"\",\"t54\":\"\",\"t55\":\"\",\"t56\":\"\",\"t57\":\"\",\"t58\":\"\",\"t59\":\"\",\"t60\":\"\"}');
INSERT INTO `chitiet_lichday` VALUES (131, '3', '6', '1', '163', '22', '24', '18', '{\"t1\":\"\",\"t2\":\"\",\"t3\":\"\",\"t4\":\"\",\"t5\":\"\",\"t6\":\"\",\"t7\":\"x\",\"t8\":\"x\",\"t9\":\"x\",\"t10\":\"x\",\"t11\":\"x\",\"t12\":\"x\",\"t13\":\"x\",\"t14\":\"x\",\"t15\":\"x\",\"t16\":\"x\",\"t17\":\"\",\"t18\":\"\",\"t19\":\"\",\"t20\":\"\",\"t21\":\"\",\"t22\":\"\",\"t23\":\"\",\"t24\":\"\",\"t25\":\"\",\"t26\":\"\",\"t27\":\"\",\"t28\":\"\",\"t29\":\"\",\"t30\":\"\",\"t31\":\"\",\"t32\":\"\",\"t33\":\"\",\"t34\":\"\",\"t35\":\"\",\"t36\":\"\",\"t37\":\"\",\"t38\":\"\",\"t39\":\"\",\"t40\":\"\",\"t41\":\"\",\"t42\":\"\",\"t43\":\"\",\"t44\":\"\",\"t45\":\"\",\"t46\":\"\",\"t47\":\"\",\"t48\":\"\",\"t49\":\"\",\"t50\":\"\",\"t51\":\"\",\"t52\":\"\",\"t53\":\"\",\"t54\":\"\",\"t55\":\"\",\"t56\":\"\",\"t57\":\"\",\"t58\":\"\",\"t59\":\"\",\"t60\":\"\"}');
INSERT INTO `chitiet_lichday` VALUES (132, '3', '6', '2', '164', '22', '24', '18', '{\"t1\":\"\",\"t2\":\"\",\"t3\":\"\",\"t4\":\"\",\"t5\":\"\",\"t6\":\"\",\"t7\":\"x\",\"t8\":\"x\",\"t9\":\"x\",\"t10\":\"x\",\"t11\":\"x\",\"t12\":\"x\",\"t13\":\"x\",\"t14\":\"x\",\"t15\":\"x\",\"t16\":\"x\",\"t17\":\"\",\"t18\":\"\",\"t19\":\"\",\"t20\":\"\",\"t21\":\"\",\"t22\":\"\",\"t23\":\"\",\"t24\":\"\",\"t25\":\"\",\"t26\":\"\",\"t27\":\"\",\"t28\":\"\",\"t29\":\"\",\"t30\":\"\",\"t31\":\"\",\"t32\":\"\",\"t33\":\"\",\"t34\":\"\",\"t35\":\"\",\"t36\":\"\",\"t37\":\"\",\"t38\":\"\",\"t39\":\"\",\"t40\":\"\",\"t41\":\"\",\"t42\":\"\",\"t43\":\"\",\"t44\":\"\",\"t45\":\"\",\"t46\":\"\",\"t47\":\"\",\"t48\":\"\",\"t49\":\"\",\"t50\":\"\",\"t51\":\"\",\"t52\":\"\",\"t53\":\"\",\"t54\":\"\",\"t55\":\"\",\"t56\":\"\",\"t57\":\"\",\"t58\":\"\",\"t59\":\"\",\"t60\":\"\"}');
INSERT INTO `chitiet_lichday` VALUES (133, '3', '6', '3', '151', '22', '21', '18', '{\"t1\":\"\",\"t2\":\"\",\"t3\":\"\",\"t4\":\"\",\"t5\":\"\",\"t6\":\"\",\"t7\":\"x\",\"t8\":\"x\",\"t9\":\"x\",\"t10\":\"x\",\"t11\":\"x\",\"t12\":\"x\",\"t13\":\"x\",\"t14\":\"x\",\"t15\":\"x\",\"t16\":\"x\",\"t17\":\"\",\"t18\":\"\",\"t19\":\"\",\"t20\":\"\",\"t21\":\"\",\"t22\":\"\",\"t23\":\"\",\"t24\":\"\",\"t25\":\"\",\"t26\":\"\",\"t27\":\"\",\"t28\":\"\",\"t29\":\"\",\"t30\":\"\",\"t31\":\"\",\"t32\":\"\",\"t33\":\"\",\"t34\":\"\",\"t35\":\"\",\"t36\":\"\",\"t37\":\"\",\"t38\":\"\",\"t39\":\"\",\"t40\":\"\",\"t41\":\"\",\"t42\":\"\",\"t43\":\"\",\"t44\":\"\",\"t45\":\"\",\"t46\":\"\",\"t47\":\"\",\"t48\":\"\",\"t49\":\"\",\"t50\":\"\",\"t51\":\"\",\"t52\":\"\",\"t53\":\"\",\"t54\":\"\",\"t55\":\"\",\"t56\":\"\",\"t57\":\"\",\"t58\":\"\",\"t59\":\"\",\"t60\":\"\"}');
INSERT INTO `chitiet_lichday` VALUES (134, '3', '6', '4', '150', '22', '21', '18', '{\"t1\":\"\",\"t2\":\"\",\"t3\":\"\",\"t4\":\"\",\"t5\":\"\",\"t6\":\"\",\"t7\":\"x\",\"t8\":\"x\",\"t9\":\"x\",\"t10\":\"x\",\"t11\":\"x\",\"t12\":\"x\",\"t13\":\"x\",\"t14\":\"x\",\"t15\":\"x\",\"t16\":\"x\",\"t17\":\"\",\"t18\":\"\",\"t19\":\"\",\"t20\":\"\",\"t21\":\"\",\"t22\":\"\",\"t23\":\"\",\"t24\":\"\",\"t25\":\"\",\"t26\":\"\",\"t27\":\"\",\"t28\":\"\",\"t29\":\"\",\"t30\":\"\",\"t31\":\"\",\"t32\":\"\",\"t33\":\"\",\"t34\":\"\",\"t35\":\"\",\"t36\":\"\",\"t37\":\"\",\"t38\":\"\",\"t39\":\"\",\"t40\":\"\",\"t41\":\"\",\"t42\":\"\",\"t43\":\"\",\"t44\":\"\",\"t45\":\"\",\"t46\":\"\",\"t47\":\"\",\"t48\":\"\",\"t49\":\"\",\"t50\":\"\",\"t51\":\"\",\"t52\":\"\",\"t53\":\"\",\"t54\":\"\",\"t55\":\"\",\"t56\":\"\",\"t57\":\"\",\"t58\":\"\",\"t59\":\"\",\"t60\":\"\"}');
INSERT INTO `chitiet_lichday` VALUES (135, '3', '7', '3', '161', '22', '18', '18', '{\"t1\":\"\",\"t2\":\"\",\"t3\":\"\",\"t4\":\"\",\"t5\":\"\",\"t6\":\"\",\"t7\":\"x\",\"t8\":\"x\",\"t9\":\"x\",\"t10\":\"x\",\"t11\":\"x\",\"t12\":\"x\",\"t13\":\"x\",\"t14\":\"x\",\"t15\":\"x\",\"t16\":\"x\",\"t17\":\"\",\"t18\":\"\",\"t19\":\"\",\"t20\":\"\",\"t21\":\"\",\"t22\":\"\",\"t23\":\"\",\"t24\":\"\",\"t25\":\"\",\"t26\":\"\",\"t27\":\"\",\"t28\":\"\",\"t29\":\"\",\"t30\":\"\",\"t31\":\"\",\"t32\":\"\",\"t33\":\"\",\"t34\":\"\",\"t35\":\"\",\"t36\":\"\",\"t37\":\"\",\"t38\":\"\",\"t39\":\"\",\"t40\":\"\",\"t41\":\"\",\"t42\":\"\",\"t43\":\"\",\"t44\":\"\",\"t45\":\"\",\"t46\":\"\",\"t47\":\"\",\"t48\":\"\",\"t49\":\"\",\"t50\":\"\",\"t51\":\"\",\"t52\":\"\",\"t53\":\"\",\"t54\":\"\",\"t55\":\"\",\"t56\":\"\",\"t57\":\"\",\"t58\":\"\",\"t59\":\"\",\"t60\":\"\"}');
INSERT INTO `chitiet_lichday` VALUES (136, '3', '7', '4', '160', '22', '18', '18', '{\"t1\":\"\",\"t2\":\"\",\"t3\":\"\",\"t4\":\"\",\"t5\":\"\",\"t6\":\"\",\"t7\":\"x\",\"t8\":\"x\",\"t9\":\"x\",\"t10\":\"x\",\"t11\":\"x\",\"t12\":\"x\",\"t13\":\"x\",\"t14\":\"x\",\"t15\":\"x\",\"t16\":\"x\",\"t17\":\"\",\"t18\":\"\",\"t19\":\"\",\"t20\":\"\",\"t21\":\"\",\"t22\":\"\",\"t23\":\"\",\"t24\":\"\",\"t25\":\"\",\"t26\":\"\",\"t27\":\"\",\"t28\":\"\",\"t29\":\"\",\"t30\":\"\",\"t31\":\"\",\"t32\":\"\",\"t33\":\"\",\"t34\":\"\",\"t35\":\"\",\"t36\":\"\",\"t37\":\"\",\"t38\":\"\",\"t39\":\"\",\"t40\":\"\",\"t41\":\"\",\"t42\":\"\",\"t43\":\"\",\"t44\":\"\",\"t45\":\"\",\"t46\":\"\",\"t47\":\"\",\"t48\":\"\",\"t49\":\"\",\"t50\":\"\",\"t51\":\"\",\"t52\":\"\",\"t53\":\"\",\"t54\":\"\",\"t55\":\"\",\"t56\":\"\",\"t57\":\"\",\"t58\":\"\",\"t59\":\"\",\"t60\":\"\"}');
INSERT INTO `chitiet_lichday` VALUES (137, '3', '2', '3', '140', '16', '18', '19', '{\"t1\":\"\",\"t2\":\"\",\"t3\":\"\",\"t4\":\"\",\"t5\":\"\",\"t6\":\"\",\"t7\":\"\",\"t8\":\"x\",\"t9\":\"x\",\"t10\":\"x\",\"t11\":\"x\",\"t12\":\"x\",\"t13\":\"x\",\"t14\":\"\",\"t15\":\"\",\"t16\":\"\",\"t17\":\"\",\"t18\":\"\",\"t19\":\"\",\"t20\":\"\",\"t21\":\"\",\"t22\":\"\",\"t23\":\"\",\"t24\":\"\",\"t25\":\"\",\"t26\":\"\",\"t27\":\"\",\"t28\":\"\",\"t29\":\"\",\"t30\":\"\",\"t31\":\"\",\"t32\":\"\",\"t33\":\"\",\"t34\":\"\",\"t35\":\"\",\"t36\":\"\",\"t37\":\"\",\"t38\":\"\",\"t39\":\"\",\"t40\":\"\",\"t41\":\"\",\"t42\":\"\",\"t43\":\"\",\"t44\":\"\",\"t45\":\"\",\"t46\":\"\",\"t47\":\"\",\"t48\":\"\",\"t49\":\"\",\"t50\":\"\",\"t51\":\"\",\"t52\":\"\",\"t53\":\"\",\"t54\":\"\",\"t55\":\"\",\"t56\":\"\",\"t57\":\"\",\"t58\":\"\",\"t59\":\"\",\"t60\":\"\"}');
INSERT INTO `chitiet_lichday` VALUES (138, '3', '2', '4', '140', '16', '18', '19', '{\"t1\":\"\",\"t2\":\"\",\"t3\":\"\",\"t4\":\"\",\"t5\":\"\",\"t6\":\"\",\"t7\":\"\",\"t8\":\"x\",\"t9\":\"x\",\"t10\":\"x\",\"t11\":\"x\",\"t12\":\"x\",\"t13\":\"x\",\"t14\":\"\",\"t15\":\"\",\"t16\":\"\",\"t17\":\"\",\"t18\":\"\",\"t19\":\"\",\"t20\":\"\",\"t21\":\"\",\"t22\":\"\",\"t23\":\"\",\"t24\":\"\",\"t25\":\"\",\"t26\":\"\",\"t27\":\"\",\"t28\":\"\",\"t29\":\"\",\"t30\":\"\",\"t31\":\"\",\"t32\":\"\",\"t33\":\"\",\"t34\":\"\",\"t35\":\"\",\"t36\":\"\",\"t37\":\"\",\"t38\":\"\",\"t39\":\"\",\"t40\":\"\",\"t41\":\"\",\"t42\":\"\",\"t43\":\"\",\"t44\":\"\",\"t45\":\"\",\"t46\":\"\",\"t47\":\"\",\"t48\":\"\",\"t49\":\"\",\"t50\":\"\",\"t51\":\"\",\"t52\":\"\",\"t53\":\"\",\"t54\":\"\",\"t55\":\"\",\"t56\":\"\",\"t57\":\"\",\"t58\":\"\",\"t59\":\"\",\"t60\":\"\"}');
INSERT INTO `chitiet_lichday` VALUES (139, '3', '3', '3', '142', '17', '23', '19', '{\"t1\":\"\",\"t2\":\"\",\"t3\":\"\",\"t4\":\"\",\"t5\":\"\",\"t6\":\"\",\"t7\":\"x\",\"t8\":\"x\",\"t9\":\"x\",\"t10\":\"x\",\"t11\":\"x\",\"t12\":\"x\",\"t13\":\"\",\"t14\":\"\",\"t15\":\"\",\"t16\":\"\",\"t17\":\"\",\"t18\":\"\",\"t19\":\"\",\"t20\":\"\",\"t21\":\"\",\"t22\":\"\",\"t23\":\"\",\"t24\":\"\",\"t25\":\"\",\"t26\":\"\",\"t27\":\"\",\"t28\":\"\",\"t29\":\"\",\"t30\":\"\",\"t31\":\"\",\"t32\":\"\",\"t33\":\"\",\"t34\":\"\",\"t35\":\"\",\"t36\":\"\",\"t37\":\"\",\"t38\":\"\",\"t39\":\"\",\"t40\":\"\",\"t41\":\"\",\"t42\":\"\",\"t43\":\"\",\"t44\":\"\",\"t45\":\"\",\"t46\":\"\",\"t47\":\"\",\"t48\":\"\",\"t49\":\"\",\"t50\":\"\",\"t51\":\"\",\"t52\":\"\",\"t53\":\"\",\"t54\":\"\",\"t55\":\"\",\"t56\":\"\",\"t57\":\"\",\"t58\":\"\",\"t59\":\"\",\"t60\":\"\"}');
INSERT INTO `chitiet_lichday` VALUES (140, '3', '3', '4', '142', '17', '23', '19', '{\"t1\":\"\",\"t2\":\"\",\"t3\":\"\",\"t4\":\"\",\"t5\":\"\",\"t6\":\"\",\"t7\":\"x\",\"t8\":\"x\",\"t9\":\"x\",\"t10\":\"x\",\"t11\":\"x\",\"t12\":\"x\",\"t13\":\"\",\"t14\":\"\",\"t15\":\"\",\"t16\":\"\",\"t17\":\"\",\"t18\":\"\",\"t19\":\"\",\"t20\":\"\",\"t21\":\"\",\"t22\":\"\",\"t23\":\"\",\"t24\":\"\",\"t25\":\"\",\"t26\":\"\",\"t27\":\"\",\"t28\":\"\",\"t29\":\"\",\"t30\":\"\",\"t31\":\"\",\"t32\":\"\",\"t33\":\"\",\"t34\":\"\",\"t35\":\"\",\"t36\":\"\",\"t37\":\"\",\"t38\":\"\",\"t39\":\"\",\"t40\":\"\",\"t41\":\"\",\"t42\":\"\",\"t43\":\"\",\"t44\":\"\",\"t45\":\"\",\"t46\":\"\",\"t47\":\"\",\"t48\":\"\",\"t49\":\"\",\"t50\":\"\",\"t51\":\"\",\"t52\":\"\",\"t53\":\"\",\"t54\":\"\",\"t55\":\"\",\"t56\":\"\",\"t57\":\"\",\"t58\":\"\",\"t59\":\"\",\"t60\":\"\"}');
INSERT INTO `chitiet_lichday` VALUES (141, '3', '4', '3', '165', '18', '21', '19', '{\"t1\":\"\",\"t2\":\"\",\"t3\":\"\",\"t4\":\"\",\"t5\":\"\",\"t6\":\"\",\"t7\":\"x\",\"t8\":\"x\",\"t9\":\"x\",\"t10\":\"x\",\"t11\":\"x\",\"t12\":\"x\",\"t13\":\"x\",\"t14\":\"x\",\"t15\":\"\",\"t16\":\"x\",\"t17\":\"x\",\"t18\":\"\",\"t19\":\"\",\"t20\":\"\",\"t21\":\"\",\"t22\":\"\",\"t23\":\"\",\"t24\":\"\",\"t25\":\"\",\"t26\":\"\",\"t27\":\"\",\"t28\":\"\",\"t29\":\"\",\"t30\":\"\",\"t31\":\"\",\"t32\":\"\",\"t33\":\"\",\"t34\":\"\",\"t35\":\"\",\"t36\":\"\",\"t37\":\"\",\"t38\":\"\",\"t39\":\"\",\"t40\":\"\",\"t41\":\"\",\"t42\":\"\",\"t43\":\"\",\"t44\":\"\",\"t45\":\"\",\"t46\":\"\",\"t47\":\"\",\"t48\":\"\",\"t49\":\"\",\"t50\":\"\",\"t51\":\"\",\"t52\":\"\",\"t53\":\"\",\"t54\":\"\",\"t55\":\"\",\"t56\":\"\",\"t57\":\"\",\"t58\":\"\",\"t59\":\"\",\"t60\":\"\"}');
INSERT INTO `chitiet_lichday` VALUES (142, '3', '4', '4', '166', '18', '21', '19', '{\"t1\":\"\",\"t2\":\"\",\"t3\":\"\",\"t4\":\"\",\"t5\":\"\",\"t6\":\"\",\"t7\":\"x\",\"t8\":\"x\",\"t9\":\"x\",\"t10\":\"x\",\"t11\":\"x\",\"t12\":\"x\",\"t13\":\"x\",\"t14\":\"x\",\"t15\":\"\",\"t16\":\"x\",\"t17\":\"x\",\"t18\":\"\",\"t19\":\"\",\"t20\":\"\",\"t21\":\"\",\"t22\":\"\",\"t23\":\"\",\"t24\":\"\",\"t25\":\"\",\"t26\":\"\",\"t27\":\"\",\"t28\":\"\",\"t29\":\"\",\"t30\":\"\",\"t31\":\"\",\"t32\":\"\",\"t33\":\"\",\"t34\":\"\",\"t35\":\"\",\"t36\":\"\",\"t37\":\"\",\"t38\":\"\",\"t39\":\"\",\"t40\":\"\",\"t41\":\"\",\"t42\":\"\",\"t43\":\"\",\"t44\":\"\",\"t45\":\"\",\"t46\":\"\",\"t47\":\"\",\"t48\":\"\",\"t49\":\"\",\"t50\":\"\",\"t51\":\"\",\"t52\":\"\",\"t53\":\"\",\"t54\":\"\",\"t55\":\"\",\"t56\":\"\",\"t57\":\"\",\"t58\":\"\",\"t59\":\"\",\"t60\":\"\"}');
INSERT INTO `chitiet_lichday` VALUES (143, '3', '5', '2', '162', '19', '25', '19', '{\"t1\":\"\",\"t2\":\"\",\"t3\":\"\",\"t4\":\"\",\"t5\":\"\",\"t6\":\"\",\"t7\":\"\",\"t8\":\"x\",\"t9\":\"x\",\"t10\":\"x\",\"t11\":\"x\",\"t12\":\"x\",\"t13\":\"x\",\"t14\":\"x\",\"t15\":\"x\",\"t16\":\"x\",\"t17\":\"x\",\"t18\":\"\",\"t19\":\"\",\"t20\":\"\",\"t21\":\"\",\"t22\":\"\",\"t23\":\"\",\"t24\":\"\",\"t25\":\"\",\"t26\":\"\",\"t27\":\"\",\"t28\":\"\",\"t29\":\"\",\"t30\":\"\",\"t31\":\"\",\"t32\":\"\",\"t33\":\"\",\"t34\":\"\",\"t35\":\"\",\"t36\":\"\",\"t37\":\"\",\"t38\":\"\",\"t39\":\"\",\"t40\":\"\",\"t41\":\"\",\"t42\":\"\",\"t43\":\"\",\"t44\":\"\",\"t45\":\"\",\"t46\":\"\",\"t47\":\"\",\"t48\":\"\",\"t49\":\"\",\"t50\":\"\",\"t51\":\"\",\"t52\":\"\",\"t53\":\"\",\"t54\":\"\",\"t55\":\"\",\"t56\":\"\",\"t57\":\"\",\"t58\":\"\",\"t59\":\"\",\"t60\":\"\"}');
INSERT INTO `chitiet_lichday` VALUES (144, '3', '5', '3', '160', '19', '25', '19', '{\"t1\":\"\",\"t2\":\"\",\"t3\":\"\",\"t4\":\"\",\"t5\":\"\",\"t6\":\"\",\"t7\":\"\",\"t8\":\"x\",\"t9\":\"x\",\"t10\":\"x\",\"t11\":\"x\",\"t12\":\"x\",\"t13\":\"x\",\"t14\":\"x\",\"t15\":\"x\",\"t16\":\"x\",\"t17\":\"x\",\"t18\":\"\",\"t19\":\"\",\"t20\":\"\",\"t21\":\"\",\"t22\":\"\",\"t23\":\"\",\"t24\":\"\",\"t25\":\"\",\"t26\":\"\",\"t27\":\"\",\"t28\":\"\",\"t29\":\"\",\"t30\":\"\",\"t31\":\"\",\"t32\":\"\",\"t33\":\"\",\"t34\":\"\",\"t35\":\"\",\"t36\":\"\",\"t37\":\"\",\"t38\":\"\",\"t39\":\"\",\"t40\":\"\",\"t41\":\"\",\"t42\":\"\",\"t43\":\"\",\"t44\":\"\",\"t45\":\"\",\"t46\":\"\",\"t47\":\"\",\"t48\":\"\",\"t49\":\"\",\"t50\":\"\",\"t51\":\"\",\"t52\":\"\",\"t53\":\"\",\"t54\":\"\",\"t55\":\"\",\"t56\":\"\",\"t57\":\"\",\"t58\":\"\",\"t59\":\"\",\"t60\":\"\"}');
INSERT INTO `chitiet_lichday` VALUES (145, '3', '5', '4', '161', '19', '25', '19', '{\"t1\":\"\",\"t2\":\"\",\"t3\":\"\",\"t4\":\"\",\"t5\":\"\",\"t6\":\"\",\"t7\":\"\",\"t8\":\"x\",\"t9\":\"x\",\"t10\":\"x\",\"t11\":\"x\",\"t12\":\"x\",\"t13\":\"x\",\"t14\":\"x\",\"t15\":\"x\",\"t16\":\"x\",\"t17\":\"x\",\"t18\":\"\",\"t19\":\"\",\"t20\":\"\",\"t21\":\"\",\"t22\":\"\",\"t23\":\"\",\"t24\":\"\",\"t25\":\"\",\"t26\":\"\",\"t27\":\"\",\"t28\":\"\",\"t29\":\"\",\"t30\":\"\",\"t31\":\"\",\"t32\":\"\",\"t33\":\"\",\"t34\":\"\",\"t35\":\"\",\"t36\":\"\",\"t37\":\"\",\"t38\":\"\",\"t39\":\"\",\"t40\":\"\",\"t41\":\"\",\"t42\":\"\",\"t43\":\"\",\"t44\":\"\",\"t45\":\"\",\"t46\":\"\",\"t47\":\"\",\"t48\":\"\",\"t49\":\"\",\"t50\":\"\",\"t51\":\"\",\"t52\":\"\",\"t53\":\"\",\"t54\":\"\",\"t55\":\"\",\"t56\":\"\",\"t57\":\"\",\"t58\":\"\",\"t59\":\"\",\"t60\":\"\"}');
INSERT INTO `chitiet_lichday` VALUES (146, '3', '6', '4', '167', '18', '24', '19', '{\"t1\":\"\",\"t2\":\"\",\"t3\":\"\",\"t4\":\"\",\"t5\":\"\",\"t6\":\"\",\"t7\":\"x\",\"t8\":\"x\",\"t9\":\"x\",\"t10\":\"x\",\"t11\":\"x\",\"t12\":\"x\",\"t13\":\"x\",\"t14\":\"x\",\"t15\":\"x\",\"t16\":\"x\",\"t17\":\"\",\"t18\":\"\",\"t19\":\"\",\"t20\":\"\",\"t21\":\"\",\"t22\":\"\",\"t23\":\"\",\"t24\":\"\",\"t25\":\"\",\"t26\":\"\",\"t27\":\"\",\"t28\":\"\",\"t29\":\"\",\"t30\":\"\",\"t31\":\"\",\"t32\":\"\",\"t33\":\"\",\"t34\":\"\",\"t35\":\"\",\"t36\":\"\",\"t37\":\"\",\"t38\":\"\",\"t39\":\"\",\"t40\":\"\",\"t41\":\"\",\"t42\":\"\",\"t43\":\"\",\"t44\":\"\",\"t45\":\"\",\"t46\":\"\",\"t47\":\"\",\"t48\":\"\",\"t49\":\"\",\"t50\":\"\",\"t51\":\"\",\"t52\":\"\",\"t53\":\"\",\"t54\":\"\",\"t55\":\"\",\"t56\":\"\",\"t57\":\"\",\"t58\":\"\",\"t59\":\"\",\"t60\":\"\"}');
INSERT INTO `chitiet_lichday` VALUES (147, '3', '6', '3', '130', '19', '24', '19', '{\"t1\":\"\",\"t2\":\"\",\"t3\":\"\",\"t4\":\"\",\"t5\":\"\",\"t6\":\"\",\"t7\":\"\",\"t8\":\"x\",\"t9\":\"x\",\"t10\":\"x\",\"t11\":\"x\",\"t12\":\"x\",\"t13\":\"x\",\"t14\":\"x\",\"t15\":\"x\",\"t16\":\"x\",\"t17\":\"x\",\"t18\":\"\",\"t19\":\"\",\"t20\":\"\",\"t21\":\"\",\"t22\":\"\",\"t23\":\"\",\"t24\":\"\",\"t25\":\"\",\"t26\":\"\",\"t27\":\"\",\"t28\":\"\",\"t29\":\"\",\"t30\":\"\",\"t31\":\"\",\"t32\":\"\",\"t33\":\"\",\"t34\":\"\",\"t35\":\"\",\"t36\":\"\",\"t37\":\"\",\"t38\":\"\",\"t39\":\"\",\"t40\":\"\",\"t41\":\"\",\"t42\":\"\",\"t43\":\"\",\"t44\":\"\",\"t45\":\"\",\"t46\":\"\",\"t47\":\"\",\"t48\":\"\",\"t49\":\"\",\"t50\":\"\",\"t51\":\"\",\"t52\":\"\",\"t53\":\"\",\"t54\":\"\",\"t55\":\"\",\"t56\":\"\",\"t57\":\"\",\"t58\":\"\",\"t59\":\"\",\"t60\":\"\"}');
INSERT INTO `chitiet_lichday` VALUES (148, '3', '2', '1', '168', '11', '17', '20', '{\"t1\":\"\",\"t2\":\"x\",\"t3\":\"x\",\"t4\":\"\",\"t5\":\"\",\"t6\":\"\",\"t7\":\"x\",\"t8\":\"x\",\"t9\":\"x\",\"t10\":\"x\",\"t11\":\"x\",\"t12\":\"x\",\"t13\":\"x\",\"t14\":\"x\",\"t15\":\"x\",\"t16\":\"x\",\"t17\":\"x\",\"t18\":\"x\",\"t19\":\"x\",\"t20\":\"\",\"t21\":\"\",\"t22\":\"\",\"t23\":\"\",\"t24\":\"\",\"t25\":\"\",\"t26\":\"\",\"t27\":\"\",\"t28\":\"\",\"t29\":\"\",\"t30\":\"\",\"t31\":\"\",\"t32\":\"\",\"t33\":\"\",\"t34\":\"\",\"t35\":\"\",\"t36\":\"\",\"t37\":\"\",\"t38\":\"\",\"t39\":\"\",\"t40\":\"\",\"t41\":\"\",\"t42\":\"\",\"t43\":\"\",\"t44\":\"\",\"t45\":\"\",\"t46\":\"\",\"t47\":\"\",\"t48\":\"\",\"t49\":\"\",\"t50\":\"\",\"t51\":\"\",\"t52\":\"\",\"t53\":\"\",\"t54\":\"\",\"t55\":\"\",\"t56\":\"\",\"t57\":\"\",\"t58\":\"\",\"t59\":\"\",\"t60\":\"\"}');
INSERT INTO `chitiet_lichday` VALUES (149, '3', '2', '2', '169', '11', '17', '20', '{\"t1\":\"\",\"t2\":\"x\",\"t3\":\"x\",\"t4\":\"\",\"t5\":\"\",\"t6\":\"\",\"t7\":\"x\",\"t8\":\"x\",\"t9\":\"x\",\"t10\":\"x\",\"t11\":\"x\",\"t12\":\"x\",\"t13\":\"x\",\"t14\":\"x\",\"t15\":\"x\",\"t16\":\"x\",\"t17\":\"x\",\"t18\":\"x\",\"t19\":\"x\",\"t20\":\"\",\"t21\":\"\",\"t22\":\"\",\"t23\":\"\",\"t24\":\"\",\"t25\":\"\",\"t26\":\"\",\"t27\":\"\",\"t28\":\"\",\"t29\":\"\",\"t30\":\"\",\"t31\":\"\",\"t32\":\"\",\"t33\":\"\",\"t34\":\"\",\"t35\":\"\",\"t36\":\"\",\"t37\":\"\",\"t38\":\"\",\"t39\":\"\",\"t40\":\"\",\"t41\":\"\",\"t42\":\"\",\"t43\":\"\",\"t44\":\"\",\"t45\":\"\",\"t46\":\"\",\"t47\":\"\",\"t48\":\"\",\"t49\":\"\",\"t50\":\"\",\"t51\":\"\",\"t52\":\"\",\"t53\":\"\",\"t54\":\"\",\"t55\":\"\",\"t56\":\"\",\"t57\":\"\",\"t58\":\"\",\"t59\":\"\",\"t60\":\"\"}');
INSERT INTO `chitiet_lichday` VALUES (150, '3', '4', '1', '170', '11', '23', '20', '{\"t1\":\"x\",\"t2\":\"x\",\"t3\":\"x\",\"t4\":\"\",\"t5\":\"\",\"t6\":\"\",\"t7\":\"x\",\"t8\":\"x\",\"t9\":\"x\",\"t10\":\"x\",\"t11\":\"x\",\"t12\":\"x\",\"t13\":\"x\",\"t14\":\"x\",\"t15\":\"\",\"t16\":\"x\",\"t17\":\"x\",\"t18\":\"x\",\"t19\":\"x\",\"t20\":\"\",\"t21\":\"\",\"t22\":\"\",\"t23\":\"\",\"t24\":\"\",\"t25\":\"\",\"t26\":\"\",\"t27\":\"\",\"t28\":\"\",\"t29\":\"\",\"t30\":\"\",\"t31\":\"\",\"t32\":\"\",\"t33\":\"\",\"t34\":\"\",\"t35\":\"\",\"t36\":\"\",\"t37\":\"\",\"t38\":\"\",\"t39\":\"\",\"t40\":\"\",\"t41\":\"\",\"t42\":\"\",\"t43\":\"\",\"t44\":\"\",\"t45\":\"\",\"t46\":\"\",\"t47\":\"\",\"t48\":\"\",\"t49\":\"\",\"t50\":\"\",\"t51\":\"\",\"t52\":\"\",\"t53\":\"\",\"t54\":\"\",\"t55\":\"\",\"t56\":\"\",\"t57\":\"\",\"t58\":\"\",\"t59\":\"\",\"t60\":\"\"}');
INSERT INTO `chitiet_lichday` VALUES (151, '3', '4', '2', '171', '11', '23', '20', '{\"t1\":\"x\",\"t2\":\"x\",\"t3\":\"x\",\"t4\":\"\",\"t5\":\"\",\"t6\":\"\",\"t7\":\"x\",\"t8\":\"x\",\"t9\":\"x\",\"t10\":\"x\",\"t11\":\"x\",\"t12\":\"x\",\"t13\":\"x\",\"t14\":\"x\",\"t15\":\"\",\"t16\":\"x\",\"t17\":\"x\",\"t18\":\"x\",\"t19\":\"x\",\"t20\":\"\",\"t21\":\"\",\"t22\":\"\",\"t23\":\"\",\"t24\":\"\",\"t25\":\"\",\"t26\":\"\",\"t27\":\"\",\"t28\":\"\",\"t29\":\"\",\"t30\":\"\",\"t31\":\"\",\"t32\":\"\",\"t33\":\"\",\"t34\":\"\",\"t35\":\"\",\"t36\":\"\",\"t37\":\"\",\"t38\":\"\",\"t39\":\"\",\"t40\":\"\",\"t41\":\"\",\"t42\":\"\",\"t43\":\"\",\"t44\":\"\",\"t45\":\"\",\"t46\":\"\",\"t47\":\"\",\"t48\":\"\",\"t49\":\"\",\"t50\":\"\",\"t51\":\"\",\"t52\":\"\",\"t53\":\"\",\"t54\":\"\",\"t55\":\"\",\"t56\":\"\",\"t57\":\"\",\"t58\":\"\",\"t59\":\"\",\"t60\":\"\"}');
INSERT INTO `chitiet_lichday` VALUES (152, '3', '6', '1', '172', '11', '17', '20', '{\"t1\":\"x\",\"t2\":\"x\",\"t3\":\"x\",\"t4\":\"\",\"t5\":\"\",\"t6\":\"\",\"t7\":\"x\",\"t8\":\"x\",\"t9\":\"x\",\"t10\":\"x\",\"t11\":\"x\",\"t12\":\"x\",\"t13\":\"x\",\"t14\":\"x\",\"t15\":\"x\",\"t16\":\"x\",\"t17\":\"x\",\"t18\":\"x\",\"t19\":\"\",\"t20\":\"\",\"t21\":\"\",\"t22\":\"\",\"t23\":\"\",\"t24\":\"\",\"t25\":\"\",\"t26\":\"\",\"t27\":\"\",\"t28\":\"\",\"t29\":\"\",\"t30\":\"\",\"t31\":\"\",\"t32\":\"\",\"t33\":\"\",\"t34\":\"\",\"t35\":\"\",\"t36\":\"\",\"t37\":\"\",\"t38\":\"\",\"t39\":\"\",\"t40\":\"\",\"t41\":\"\",\"t42\":\"\",\"t43\":\"\",\"t44\":\"\",\"t45\":\"\",\"t46\":\"\",\"t47\":\"\",\"t48\":\"\",\"t49\":\"\",\"t50\":\"\",\"t51\":\"\",\"t52\":\"\",\"t53\":\"\",\"t54\":\"\",\"t55\":\"\",\"t56\":\"\",\"t57\":\"\",\"t58\":\"\",\"t59\":\"\",\"t60\":\"\"}');
INSERT INTO `chitiet_lichday` VALUES (153, '3', '6', '2', '173', '11', '17', '20', '{\"t1\":\"x\",\"t2\":\"x\",\"t3\":\"x\",\"t4\":\"\",\"t5\":\"\",\"t6\":\"\",\"t7\":\"x\",\"t8\":\"x\",\"t9\":\"x\",\"t10\":\"x\",\"t11\":\"x\",\"t12\":\"x\",\"t13\":\"x\",\"t14\":\"x\",\"t15\":\"x\",\"t16\":\"x\",\"t17\":\"x\",\"t18\":\"x\",\"t19\":\"\",\"t20\":\"\",\"t21\":\"\",\"t22\":\"\",\"t23\":\"\",\"t24\":\"\",\"t25\":\"\",\"t26\":\"\",\"t27\":\"\",\"t28\":\"\",\"t29\":\"\",\"t30\":\"\",\"t31\":\"\",\"t32\":\"\",\"t33\":\"\",\"t34\":\"\",\"t35\":\"\",\"t36\":\"\",\"t37\":\"\",\"t38\":\"\",\"t39\":\"\",\"t40\":\"\",\"t41\":\"\",\"t42\":\"\",\"t43\":\"\",\"t44\":\"\",\"t45\":\"\",\"t46\":\"\",\"t47\":\"\",\"t48\":\"\",\"t49\":\"\",\"t50\":\"\",\"t51\":\"\",\"t52\":\"\",\"t53\":\"\",\"t54\":\"\",\"t55\":\"\",\"t56\":\"\",\"t57\":\"\",\"t58\":\"\",\"t59\":\"\",\"t60\":\"\"}');
INSERT INTO `chitiet_lichday` VALUES (154, '3', '6', '3', '174', '11', '23', '20', '{\"t1\":\"x\",\"t2\":\"x\",\"t3\":\"x\",\"t4\":\"\",\"t5\":\"\",\"t6\":\"\",\"t7\":\"x\",\"t8\":\"x\",\"t9\":\"x\",\"t10\":\"x\",\"t11\":\"x\",\"t12\":\"x\",\"t13\":\"x\",\"t14\":\"x\",\"t15\":\"x\",\"t16\":\"x\",\"t17\":\"x\",\"t18\":\"x\",\"t19\":\"\",\"t20\":\"\",\"t21\":\"\",\"t22\":\"\",\"t23\":\"\",\"t24\":\"\",\"t25\":\"\",\"t26\":\"\",\"t27\":\"\",\"t28\":\"\",\"t29\":\"\",\"t30\":\"\",\"t31\":\"\",\"t32\":\"\",\"t33\":\"\",\"t34\":\"\",\"t35\":\"\",\"t36\":\"\",\"t37\":\"\",\"t38\":\"\",\"t39\":\"\",\"t40\":\"\",\"t41\":\"\",\"t42\":\"\",\"t43\":\"\",\"t44\":\"\",\"t45\":\"\",\"t46\":\"\",\"t47\":\"\",\"t48\":\"\",\"t49\":\"\",\"t50\":\"\",\"t51\":\"\",\"t52\":\"\",\"t53\":\"\",\"t54\":\"\",\"t55\":\"\",\"t56\":\"\",\"t57\":\"\",\"t58\":\"\",\"t59\":\"\",\"t60\":\"\"}');
INSERT INTO `chitiet_lichday` VALUES (155, '3', '2', '1', '154', '15', '20', '21', '{\"t1\":\"\",\"t2\":\"\",\"t3\":\"\",\"t4\":\"\",\"t5\":\"\",\"t6\":\"\",\"t7\":\"x\",\"t8\":\"x\",\"t9\":\"x\",\"t10\":\"x\",\"t11\":\"x\",\"t12\":\"x\",\"t13\":\"x\",\"t14\":\"x\",\"t15\":\"x\",\"t16\":\"x\",\"t17\":\"\",\"t18\":\"\",\"t19\":\"\",\"t20\":\"\",\"t21\":\"\",\"t22\":\"\",\"t23\":\"\",\"t24\":\"\",\"t25\":\"\",\"t26\":\"\",\"t27\":\"\",\"t28\":\"\",\"t29\":\"\",\"t30\":\"\",\"t31\":\"\",\"t32\":\"\",\"t33\":\"\",\"t34\":\"\",\"t35\":\"\",\"t36\":\"\",\"t37\":\"\",\"t38\":\"\",\"t39\":\"\",\"t40\":\"\",\"t41\":\"\",\"t42\":\"\",\"t43\":\"\",\"t44\":\"\",\"t45\":\"\",\"t46\":\"\",\"t47\":\"\",\"t48\":\"\",\"t49\":\"\",\"t50\":\"\",\"t51\":\"\",\"t52\":\"\",\"t53\":\"\",\"t54\":\"\",\"t55\":\"\",\"t56\":\"\",\"t57\":\"\",\"t58\":\"\",\"t59\":\"\",\"t60\":\"\"}');
INSERT INTO `chitiet_lichday` VALUES (156, '3', '2', '2', '162', '15', '20', '21', '{\"t1\":\"\",\"t2\":\"\",\"t3\":\"\",\"t4\":\"\",\"t5\":\"\",\"t6\":\"\",\"t7\":\"x\",\"t8\":\"x\",\"t9\":\"x\",\"t10\":\"x\",\"t11\":\"x\",\"t12\":\"x\",\"t13\":\"x\",\"t14\":\"x\",\"t15\":\"x\",\"t16\":\"x\",\"t17\":\"\",\"t18\":\"\",\"t19\":\"\",\"t20\":\"\",\"t21\":\"\",\"t22\":\"\",\"t23\":\"\",\"t24\":\"\",\"t25\":\"\",\"t26\":\"\",\"t27\":\"\",\"t28\":\"\",\"t29\":\"\",\"t30\":\"\",\"t31\":\"\",\"t32\":\"\",\"t33\":\"\",\"t34\":\"\",\"t35\":\"\",\"t36\":\"\",\"t37\":\"\",\"t38\":\"\",\"t39\":\"\",\"t40\":\"\",\"t41\":\"\",\"t42\":\"\",\"t43\":\"\",\"t44\":\"\",\"t45\":\"\",\"t46\":\"\",\"t47\":\"\",\"t48\":\"\",\"t49\":\"\",\"t50\":\"\",\"t51\":\"\",\"t52\":\"\",\"t53\":\"\",\"t54\":\"\",\"t55\":\"\",\"t56\":\"\",\"t57\":\"\",\"t58\":\"\",\"t59\":\"\",\"t60\":\"\"}');
INSERT INTO `chitiet_lichday` VALUES (157, '3', '3', '1', '142', '23', '20', '21', '{\"t1\":\"\",\"t2\":\"\",\"t3\":\"\",\"t4\":\"\",\"t5\":\"\",\"t6\":\"\",\"t7\":\"\",\"t8\":\"\",\"t9\":\"\",\"t10\":\"\",\"t11\":\"x\",\"t12\":\"x\",\"t13\":\"x\",\"t14\":\"x\",\"t15\":\"\",\"t16\":\"\",\"t17\":\"\",\"t18\":\"\",\"t19\":\"\",\"t20\":\"\",\"t21\":\"\",\"t22\":\"\",\"t23\":\"\",\"t24\":\"\",\"t25\":\"\",\"t26\":\"\",\"t27\":\"\",\"t28\":\"\",\"t29\":\"\",\"t30\":\"\",\"t31\":\"\",\"t32\":\"\",\"t33\":\"\",\"t34\":\"\",\"t35\":\"\",\"t36\":\"\",\"t37\":\"\",\"t38\":\"\",\"t39\":\"\",\"t40\":\"\",\"t41\":\"\",\"t42\":\"\",\"t43\":\"\",\"t44\":\"\",\"t45\":\"\",\"t46\":\"\",\"t47\":\"\",\"t48\":\"\",\"t49\":\"\",\"t50\":\"\",\"t51\":\"\",\"t52\":\"\",\"t53\":\"\",\"t54\":\"\",\"t55\":\"\",\"t56\":\"\",\"t57\":\"\",\"t58\":\"\",\"t59\":\"\",\"t60\":\"\"}');
INSERT INTO `chitiet_lichday` VALUES (158, '3', '3', '2', '142', '23', '20', '21', '{\"t1\":\"\",\"t2\":\"\",\"t3\":\"\",\"t4\":\"\",\"t5\":\"\",\"t6\":\"\",\"t7\":\"\",\"t8\":\"\",\"t9\":\"\",\"t10\":\"\",\"t11\":\"x\",\"t12\":\"x\",\"t13\":\"x\",\"t14\":\"x\",\"t15\":\"\",\"t16\":\"\",\"t17\":\"\",\"t18\":\"\",\"t19\":\"\",\"t20\":\"\",\"t21\":\"\",\"t22\":\"\",\"t23\":\"\",\"t24\":\"\",\"t25\":\"\",\"t26\":\"\",\"t27\":\"\",\"t28\":\"\",\"t29\":\"\",\"t30\":\"\",\"t31\":\"\",\"t32\":\"\",\"t33\":\"\",\"t34\":\"\",\"t35\":\"\",\"t36\":\"\",\"t37\":\"\",\"t38\":\"\",\"t39\":\"\",\"t40\":\"\",\"t41\":\"\",\"t42\":\"\",\"t43\":\"\",\"t44\":\"\",\"t45\":\"\",\"t46\":\"\",\"t47\":\"\",\"t48\":\"\",\"t49\":\"\",\"t50\":\"\",\"t51\":\"\",\"t52\":\"\",\"t53\":\"\",\"t54\":\"\",\"t55\":\"\",\"t56\":\"\",\"t57\":\"\",\"t58\":\"\",\"t59\":\"\",\"t60\":\"\"}');
INSERT INTO `chitiet_lichday` VALUES (159, '3', '4', '1', '175', '13', '20', '21', '{\"t1\":\"\",\"t2\":\"\",\"t3\":\"\",\"t4\":\"\",\"t5\":\"\",\"t6\":\"\",\"t7\":\"x\",\"t8\":\"x\",\"t9\":\"x\",\"t10\":\"x\",\"t11\":\"x\",\"t12\":\"x\",\"t13\":\"x\",\"t14\":\"x\",\"t15\":\"\",\"t16\":\"x\",\"t17\":\"x\",\"t18\":\"\",\"t19\":\"\",\"t20\":\"\",\"t21\":\"\",\"t22\":\"\",\"t23\":\"\",\"t24\":\"\",\"t25\":\"\",\"t26\":\"\",\"t27\":\"\",\"t28\":\"\",\"t29\":\"\",\"t30\":\"\",\"t31\":\"\",\"t32\":\"\",\"t33\":\"\",\"t34\":\"\",\"t35\":\"\",\"t36\":\"\",\"t37\":\"\",\"t38\":\"\",\"t39\":\"\",\"t40\":\"\",\"t41\":\"\",\"t42\":\"\",\"t43\":\"\",\"t44\":\"\",\"t45\":\"\",\"t46\":\"\",\"t47\":\"\",\"t48\":\"\",\"t49\":\"\",\"t50\":\"\",\"t51\":\"\",\"t52\":\"\",\"t53\":\"\",\"t54\":\"\",\"t55\":\"\",\"t56\":\"\",\"t57\":\"\",\"t58\":\"\",\"t59\":\"\",\"t60\":\"\"}');
INSERT INTO `chitiet_lichday` VALUES (160, '3', '4', '2', '176', '13', '20', '21', '{\"t1\":\"\",\"t2\":\"\",\"t3\":\"\",\"t4\":\"\",\"t5\":\"\",\"t6\":\"\",\"t7\":\"x\",\"t8\":\"x\",\"t9\":\"x\",\"t10\":\"x\",\"t11\":\"x\",\"t12\":\"x\",\"t13\":\"x\",\"t14\":\"x\",\"t15\":\"\",\"t16\":\"x\",\"t17\":\"x\",\"t18\":\"\",\"t19\":\"\",\"t20\":\"\",\"t21\":\"\",\"t22\":\"\",\"t23\":\"\",\"t24\":\"\",\"t25\":\"\",\"t26\":\"\",\"t27\":\"\",\"t28\":\"\",\"t29\":\"\",\"t30\":\"\",\"t31\":\"\",\"t32\":\"\",\"t33\":\"\",\"t34\":\"\",\"t35\":\"\",\"t36\":\"\",\"t37\":\"\",\"t38\":\"\",\"t39\":\"\",\"t40\":\"\",\"t41\":\"\",\"t42\":\"\",\"t43\":\"\",\"t44\":\"\",\"t45\":\"\",\"t46\":\"\",\"t47\":\"\",\"t48\":\"\",\"t49\":\"\",\"t50\":\"\",\"t51\":\"\",\"t52\":\"\",\"t53\":\"\",\"t54\":\"\",\"t55\":\"\",\"t56\":\"\",\"t57\":\"\",\"t58\":\"\",\"t59\":\"\",\"t60\":\"\"}');
INSERT INTO `chitiet_lichday` VALUES (161, '3', '5', '1', '177', '13', '23', '21', '{\"t1\":\"\",\"t2\":\"\",\"t3\":\"\",\"t4\":\"\",\"t5\":\"\",\"t6\":\"\",\"t7\":\"x\",\"t8\":\"x\",\"t9\":\"x\",\"t10\":\"x\",\"t11\":\"x\",\"t12\":\"x\",\"t13\":\"x\",\"t14\":\"x\",\"t15\":\"x\",\"t16\":\"x\",\"t17\":\"\",\"t18\":\"\",\"t19\":\"\",\"t20\":\"\",\"t21\":\"\",\"t22\":\"\",\"t23\":\"\",\"t24\":\"\",\"t25\":\"\",\"t26\":\"\",\"t27\":\"\",\"t28\":\"\",\"t29\":\"\",\"t30\":\"\",\"t31\":\"\",\"t32\":\"\",\"t33\":\"\",\"t34\":\"\",\"t35\":\"\",\"t36\":\"\",\"t37\":\"\",\"t38\":\"\",\"t39\":\"\",\"t40\":\"\",\"t41\":\"\",\"t42\":\"\",\"t43\":\"\",\"t44\":\"\",\"t45\":\"\",\"t46\":\"\",\"t47\":\"\",\"t48\":\"\",\"t49\":\"\",\"t50\":\"\",\"t51\":\"\",\"t52\":\"\",\"t53\":\"\",\"t54\":\"\",\"t55\":\"\",\"t56\":\"\",\"t57\":\"\",\"t58\":\"\",\"t59\":\"\",\"t60\":\"\"}');
INSERT INTO `chitiet_lichday` VALUES (162, '3', '5', '2', '178', '13', '23', '21', '{\"t1\":\"\",\"t2\":\"\",\"t3\":\"\",\"t4\":\"\",\"t5\":\"\",\"t6\":\"\",\"t7\":\"x\",\"t8\":\"x\",\"t9\":\"x\",\"t10\":\"x\",\"t11\":\"x\",\"t12\":\"x\",\"t13\":\"x\",\"t14\":\"x\",\"t15\":\"x\",\"t16\":\"x\",\"t17\":\"\",\"t18\":\"\",\"t19\":\"\",\"t20\":\"\",\"t21\":\"\",\"t22\":\"\",\"t23\":\"\",\"t24\":\"\",\"t25\":\"\",\"t26\":\"\",\"t27\":\"\",\"t28\":\"\",\"t29\":\"\",\"t30\":\"\",\"t31\":\"\",\"t32\":\"\",\"t33\":\"\",\"t34\":\"\",\"t35\":\"\",\"t36\":\"\",\"t37\":\"\",\"t38\":\"\",\"t39\":\"\",\"t40\":\"\",\"t41\":\"\",\"t42\":\"\",\"t43\":\"\",\"t44\":\"\",\"t45\":\"\",\"t46\":\"\",\"t47\":\"\",\"t48\":\"\",\"t49\":\"\",\"t50\":\"\",\"t51\":\"\",\"t52\":\"\",\"t53\":\"\",\"t54\":\"\",\"t55\":\"\",\"t56\":\"\",\"t57\":\"\",\"t58\":\"\",\"t59\":\"\",\"t60\":\"\"}');
INSERT INTO `chitiet_lichday` VALUES (163, '3', '6', '1', '164', '15', '21', '21', '{\"t1\":\"\",\"t2\":\"\",\"t3\":\"\",\"t4\":\"\",\"t5\":\"\",\"t6\":\"\",\"t7\":\"x\",\"t8\":\"x\",\"t9\":\"x\",\"t10\":\"x\",\"t11\":\"x\",\"t12\":\"x\",\"t13\":\"x\",\"t14\":\"x\",\"t15\":\"x\",\"t16\":\"x\",\"t17\":\"\",\"t18\":\"\",\"t19\":\"\",\"t20\":\"\",\"t21\":\"\",\"t22\":\"\",\"t23\":\"\",\"t24\":\"\",\"t25\":\"\",\"t26\":\"\",\"t27\":\"\",\"t28\":\"\",\"t29\":\"\",\"t30\":\"\",\"t31\":\"\",\"t32\":\"\",\"t33\":\"\",\"t34\":\"\",\"t35\":\"\",\"t36\":\"\",\"t37\":\"\",\"t38\":\"\",\"t39\":\"\",\"t40\":\"\",\"t41\":\"\",\"t42\":\"\",\"t43\":\"\",\"t44\":\"\",\"t45\":\"\",\"t46\":\"\",\"t47\":\"\",\"t48\":\"\",\"t49\":\"\",\"t50\":\"\",\"t51\":\"\",\"t52\":\"\",\"t53\":\"\",\"t54\":\"\",\"t55\":\"\",\"t56\":\"\",\"t57\":\"\",\"t58\":\"\",\"t59\":\"\",\"t60\":\"\"}');
INSERT INTO `chitiet_lichday` VALUES (164, '3', '6', '2', '163', '15', '21', '21', '{\"t1\":\"\",\"t2\":\"\",\"t3\":\"\",\"t4\":\"\",\"t5\":\"\",\"t6\":\"\",\"t7\":\"x\",\"t8\":\"x\",\"t9\":\"x\",\"t10\":\"x\",\"t11\":\"x\",\"t12\":\"x\",\"t13\":\"x\",\"t14\":\"x\",\"t15\":\"x\",\"t16\":\"x\",\"t17\":\"\",\"t18\":\"\",\"t19\":\"\",\"t20\":\"\",\"t21\":\"\",\"t22\":\"\",\"t23\":\"\",\"t24\":\"\",\"t25\":\"\",\"t26\":\"\",\"t27\":\"\",\"t28\":\"\",\"t29\":\"\",\"t30\":\"\",\"t31\":\"\",\"t32\":\"\",\"t33\":\"\",\"t34\":\"\",\"t35\":\"\",\"t36\":\"\",\"t37\":\"\",\"t38\":\"\",\"t39\":\"\",\"t40\":\"\",\"t41\":\"\",\"t42\":\"\",\"t43\":\"\",\"t44\":\"\",\"t45\":\"\",\"t46\":\"\",\"t47\":\"\",\"t48\":\"\",\"t49\":\"\",\"t50\":\"\",\"t51\":\"\",\"t52\":\"\",\"t53\":\"\",\"t54\":\"\",\"t55\":\"\",\"t56\":\"\",\"t57\":\"\",\"t58\":\"\",\"t59\":\"\",\"t60\":\"\"}');
INSERT INTO `chitiet_lichday` VALUES (165, '3', '7', '3', '142', '23', '20', '21', '{\"t1\":\"\",\"t2\":\"\",\"t3\":\"\",\"t4\":\"\",\"t5\":\"\",\"t6\":\"\",\"t7\":\"\",\"t8\":\"\",\"t9\":\"\",\"t10\":\"\",\"t11\":\"x\",\"t12\":\"x\",\"t13\":\"x\",\"t14\":\"x\",\"t15\":\"\",\"t16\":\"\",\"t17\":\"\",\"t18\":\"\",\"t19\":\"\",\"t20\":\"\",\"t21\":\"\",\"t22\":\"\",\"t23\":\"\",\"t24\":\"\",\"t25\":\"\",\"t26\":\"\",\"t27\":\"\",\"t28\":\"\",\"t29\":\"\",\"t30\":\"\",\"t31\":\"\",\"t32\":\"\",\"t33\":\"\",\"t34\":\"\",\"t35\":\"\",\"t36\":\"\",\"t37\":\"\",\"t38\":\"\",\"t39\":\"\",\"t40\":\"\",\"t41\":\"\",\"t42\":\"\",\"t43\":\"\",\"t44\":\"\",\"t45\":\"\",\"t46\":\"\",\"t47\":\"\",\"t48\":\"\",\"t49\":\"\",\"t50\":\"\",\"t51\":\"\",\"t52\":\"\",\"t53\":\"\",\"t54\":\"\",\"t55\":\"\",\"t56\":\"\",\"t57\":\"\",\"t58\":\"\",\"t59\":\"\",\"t60\":\"\"}');
INSERT INTO `chitiet_lichday` VALUES (166, '3', '7', '4', '142', '23', '20', '21', '{\"t1\":\"\",\"t2\":\"\",\"t3\":\"\",\"t4\":\"\",\"t5\":\"\",\"t6\":\"\",\"t7\":\"\",\"t8\":\"\",\"t9\":\"\",\"t10\":\"\",\"t11\":\"x\",\"t12\":\"x\",\"t13\":\"x\",\"t14\":\"x\",\"t15\":\"\",\"t16\":\"\",\"t17\":\"\",\"t18\":\"\",\"t19\":\"\",\"t20\":\"\",\"t21\":\"\",\"t22\":\"\",\"t23\":\"\",\"t24\":\"\",\"t25\":\"\",\"t26\":\"\",\"t27\":\"\",\"t28\":\"\",\"t29\":\"\",\"t30\":\"\",\"t31\":\"\",\"t32\":\"\",\"t33\":\"\",\"t34\":\"\",\"t35\":\"\",\"t36\":\"\",\"t37\":\"\",\"t38\":\"\",\"t39\":\"\",\"t40\":\"\",\"t41\":\"\",\"t42\":\"\",\"t43\":\"\",\"t44\":\"\",\"t45\":\"\",\"t46\":\"\",\"t47\":\"\",\"t48\":\"\",\"t49\":\"\",\"t50\":\"\",\"t51\":\"\",\"t52\":\"\",\"t53\":\"\",\"t54\":\"\",\"t55\":\"\",\"t56\":\"\",\"t57\":\"\",\"t58\":\"\",\"t59\":\"\",\"t60\":\"\"}');
INSERT INTO `chitiet_lichday` VALUES (167, '3', '3', '3', '158', '19', '20', '22', '{\"t1\":\"\",\"t2\":\"\",\"t3\":\"\",\"t4\":\"\",\"t5\":\"\",\"t6\":\"\",\"t7\":\"\",\"t8\":\"x\",\"t9\":\"x\",\"t10\":\"x\",\"t11\":\"x\",\"t12\":\"x\",\"t13\":\"x\",\"t14\":\"x\",\"t15\":\"x\",\"t16\":\"x\",\"t17\":\"x\",\"t18\":\"\",\"t19\":\"\",\"t20\":\"\",\"t21\":\"\",\"t22\":\"\",\"t23\":\"\",\"t24\":\"\",\"t25\":\"\",\"t26\":\"\",\"t27\":\"\",\"t28\":\"\",\"t29\":\"\",\"t30\":\"\",\"t31\":\"\",\"t32\":\"\",\"t33\":\"\",\"t34\":\"\",\"t35\":\"\",\"t36\":\"\",\"t37\":\"\",\"t38\":\"\",\"t39\":\"\",\"t40\":\"\",\"t41\":\"\",\"t42\":\"\",\"t43\":\"\",\"t44\":\"\",\"t45\":\"\",\"t46\":\"\",\"t47\":\"\",\"t48\":\"\",\"t49\":\"\",\"t50\":\"\",\"t51\":\"\",\"t52\":\"\",\"t53\":\"\",\"t54\":\"\",\"t55\":\"\",\"t56\":\"\",\"t57\":\"\",\"t58\":\"\",\"t59\":\"\",\"t60\":\"\"}');
INSERT INTO `chitiet_lichday` VALUES (168, '3', '3', '4', '159', '19', '20', '22', '{\"t1\":\"\",\"t2\":\"\",\"t3\":\"\",\"t4\":\"\",\"t5\":\"\",\"t6\":\"\",\"t7\":\"\",\"t8\":\"x\",\"t9\":\"x\",\"t10\":\"x\",\"t11\":\"x\",\"t12\":\"x\",\"t13\":\"x\",\"t14\":\"x\",\"t15\":\"x\",\"t16\":\"x\",\"t17\":\"x\",\"t18\":\"\",\"t19\":\"\",\"t20\":\"\",\"t21\":\"\",\"t22\":\"\",\"t23\":\"\",\"t24\":\"\",\"t25\":\"\",\"t26\":\"\",\"t27\":\"\",\"t28\":\"\",\"t29\":\"\",\"t30\":\"\",\"t31\":\"\",\"t32\":\"\",\"t33\":\"\",\"t34\":\"\",\"t35\":\"\",\"t36\":\"\",\"t37\":\"\",\"t38\":\"\",\"t39\":\"\",\"t40\":\"\",\"t41\":\"\",\"t42\":\"\",\"t43\":\"\",\"t44\":\"\",\"t45\":\"\",\"t46\":\"\",\"t47\":\"\",\"t48\":\"\",\"t49\":\"\",\"t50\":\"\",\"t51\":\"\",\"t52\":\"\",\"t53\":\"\",\"t54\":\"\",\"t55\":\"\",\"t56\":\"\",\"t57\":\"\",\"t58\":\"\",\"t59\":\"\",\"t60\":\"\"}');
INSERT INTO `chitiet_lichday` VALUES (169, '3', '4', '3', '164', '19', '20', '22', '{\"t1\":\"\",\"t2\":\"\",\"t3\":\"\",\"t4\":\"\",\"t5\":\"\",\"t6\":\"\",\"t7\":\"\",\"t8\":\"x\",\"t9\":\"x\",\"t10\":\"x\",\"t11\":\"x\",\"t12\":\"x\",\"t13\":\"x\",\"t14\":\"x\",\"t15\":\"\",\"t16\":\"x\",\"t17\":\"x\",\"t18\":\"x\",\"t19\":\"\",\"t20\":\"\",\"t21\":\"\",\"t22\":\"\",\"t23\":\"\",\"t24\":\"\",\"t25\":\"\",\"t26\":\"\",\"t27\":\"\",\"t28\":\"\",\"t29\":\"\",\"t30\":\"\",\"t31\":\"\",\"t32\":\"\",\"t33\":\"\",\"t34\":\"\",\"t35\":\"\",\"t36\":\"\",\"t37\":\"\",\"t38\":\"\",\"t39\":\"\",\"t40\":\"\",\"t41\":\"\",\"t42\":\"\",\"t43\":\"\",\"t44\":\"\",\"t45\":\"\",\"t46\":\"\",\"t47\":\"\",\"t48\":\"\",\"t49\":\"\",\"t50\":\"\",\"t51\":\"\",\"t52\":\"\",\"t53\":\"\",\"t54\":\"\",\"t55\":\"\",\"t56\":\"\",\"t57\":\"\",\"t58\":\"\",\"t59\":\"\",\"t60\":\"\"}');
INSERT INTO `chitiet_lichday` VALUES (170, '3', '4', '4', '163', '19', '20', '22', '{\"t1\":\"\",\"t2\":\"\",\"t3\":\"\",\"t4\":\"\",\"t5\":\"\",\"t6\":\"\",\"t7\":\"\",\"t8\":\"x\",\"t9\":\"x\",\"t10\":\"x\",\"t11\":\"x\",\"t12\":\"x\",\"t13\":\"x\",\"t14\":\"x\",\"t15\":\"\",\"t16\":\"x\",\"t17\":\"x\",\"t18\":\"x\",\"t19\":\"\",\"t20\":\"\",\"t21\":\"\",\"t22\":\"\",\"t23\":\"\",\"t24\":\"\",\"t25\":\"\",\"t26\":\"\",\"t27\":\"\",\"t28\":\"\",\"t29\":\"\",\"t30\":\"\",\"t31\":\"\",\"t32\":\"\",\"t33\":\"\",\"t34\":\"\",\"t35\":\"\",\"t36\":\"\",\"t37\":\"\",\"t38\":\"\",\"t39\":\"\",\"t40\":\"\",\"t41\":\"\",\"t42\":\"\",\"t43\":\"\",\"t44\":\"\",\"t45\":\"\",\"t46\":\"\",\"t47\":\"\",\"t48\":\"\",\"t49\":\"\",\"t50\":\"\",\"t51\":\"\",\"t52\":\"\",\"t53\":\"\",\"t54\":\"\",\"t55\":\"\",\"t56\":\"\",\"t57\":\"\",\"t58\":\"\",\"t59\":\"\",\"t60\":\"\"}');
INSERT INTO `chitiet_lichday` VALUES (171, '3', '2', '3', '147', '19', '24', '23', '{\"t1\":\"\",\"t2\":\"\",\"t3\":\"\",\"t4\":\"\",\"t5\":\"\",\"t6\":\"\",\"t7\":\"\",\"t8\":\"x\",\"t9\":\"x\",\"t10\":\"x\",\"t11\":\"x\",\"t12\":\"x\",\"t13\":\"x\",\"t14\":\"x\",\"t15\":\"x\",\"t16\":\"x\",\"t17\":\"x\",\"t18\":\"\",\"t19\":\"\",\"t20\":\"\",\"t21\":\"\",\"t22\":\"\",\"t23\":\"\",\"t24\":\"\",\"t25\":\"\",\"t26\":\"\",\"t27\":\"\",\"t28\":\"\",\"t29\":\"\",\"t30\":\"\",\"t31\":\"\",\"t32\":\"\",\"t33\":\"\",\"t34\":\"\",\"t35\":\"\",\"t36\":\"\",\"t37\":\"\",\"t38\":\"\",\"t39\":\"\",\"t40\":\"\",\"t41\":\"\",\"t42\":\"\",\"t43\":\"\",\"t44\":\"\",\"t45\":\"\",\"t46\":\"\",\"t47\":\"\",\"t48\":\"\",\"t49\":\"\",\"t50\":\"\",\"t51\":\"\",\"t52\":\"\",\"t53\":\"\",\"t54\":\"\",\"t55\":\"\",\"t56\":\"\",\"t57\":\"\",\"t58\":\"\",\"t59\":\"\",\"t60\":\"\"}');
INSERT INTO `chitiet_lichday` VALUES (172, '3', '2', '4', '146', '19', '24', '23', '{\"t1\":\"\",\"t2\":\"\",\"t3\":\"\",\"t4\":\"\",\"t5\":\"\",\"t6\":\"\",\"t7\":\"\",\"t8\":\"x\",\"t9\":\"x\",\"t10\":\"x\",\"t11\":\"x\",\"t12\":\"x\",\"t13\":\"x\",\"t14\":\"x\",\"t15\":\"x\",\"t16\":\"x\",\"t17\":\"x\",\"t18\":\"\",\"t19\":\"\",\"t20\":\"\",\"t21\":\"\",\"t22\":\"\",\"t23\":\"\",\"t24\":\"\",\"t25\":\"\",\"t26\":\"\",\"t27\":\"\",\"t28\":\"\",\"t29\":\"\",\"t30\":\"\",\"t31\":\"\",\"t32\":\"\",\"t33\":\"\",\"t34\":\"\",\"t35\":\"\",\"t36\":\"\",\"t37\":\"\",\"t38\":\"\",\"t39\":\"\",\"t40\":\"\",\"t41\":\"\",\"t42\":\"\",\"t43\":\"\",\"t44\":\"\",\"t45\":\"\",\"t46\":\"\",\"t47\":\"\",\"t48\":\"\",\"t49\":\"\",\"t50\":\"\",\"t51\":\"\",\"t52\":\"\",\"t53\":\"\",\"t54\":\"\",\"t55\":\"\",\"t56\":\"\",\"t57\":\"\",\"t58\":\"\",\"t59\":\"\",\"t60\":\"\"}');
INSERT INTO `chitiet_lichday` VALUES (173, '3', '3', '3', '151', '19', '25', '23', '{\"t1\":\"\",\"t2\":\"\",\"t3\":\"\",\"t4\":\"\",\"t5\":\"\",\"t6\":\"\",\"t7\":\"\",\"t8\":\"x\",\"t9\":\"x\",\"t10\":\"x\",\"t11\":\"x\",\"t12\":\"x\",\"t13\":\"x\",\"t14\":\"x\",\"t15\":\"x\",\"t16\":\"x\",\"t17\":\"x\",\"t18\":\"\",\"t19\":\"\",\"t20\":\"\",\"t21\":\"\",\"t22\":\"\",\"t23\":\"\",\"t24\":\"\",\"t25\":\"\",\"t26\":\"\",\"t27\":\"\",\"t28\":\"\",\"t29\":\"\",\"t30\":\"\",\"t31\":\"\",\"t32\":\"\",\"t33\":\"\",\"t34\":\"\",\"t35\":\"\",\"t36\":\"\",\"t37\":\"\",\"t38\":\"\",\"t39\":\"\",\"t40\":\"\",\"t41\":\"\",\"t42\":\"\",\"t43\":\"\",\"t44\":\"\",\"t45\":\"\",\"t46\":\"\",\"t47\":\"\",\"t48\":\"\",\"t49\":\"\",\"t50\":\"\",\"t51\":\"\",\"t52\":\"\",\"t53\":\"\",\"t54\":\"\",\"t55\":\"\",\"t56\":\"\",\"t57\":\"\",\"t58\":\"\",\"t59\":\"\",\"t60\":\"\"}');
INSERT INTO `chitiet_lichday` VALUES (174, '3', '3', '4', '150', '19', '25', '23', '{\"t1\":\"\",\"t2\":\"\",\"t3\":\"\",\"t4\":\"\",\"t5\":\"\",\"t6\":\"\",\"t7\":\"\",\"t8\":\"x\",\"t9\":\"x\",\"t10\":\"x\",\"t11\":\"x\",\"t12\":\"x\",\"t13\":\"x\",\"t14\":\"x\",\"t15\":\"x\",\"t16\":\"x\",\"t17\":\"x\",\"t18\":\"\",\"t19\":\"\",\"t20\":\"\",\"t21\":\"\",\"t22\":\"\",\"t23\":\"\",\"t24\":\"\",\"t25\":\"\",\"t26\":\"\",\"t27\":\"\",\"t28\":\"\",\"t29\":\"\",\"t30\":\"\",\"t31\":\"\",\"t32\":\"\",\"t33\":\"\",\"t34\":\"\",\"t35\":\"\",\"t36\":\"\",\"t37\":\"\",\"t38\":\"\",\"t39\":\"\",\"t40\":\"\",\"t41\":\"\",\"t42\":\"\",\"t43\":\"\",\"t44\":\"\",\"t45\":\"\",\"t46\":\"\",\"t47\":\"\",\"t48\":\"\",\"t49\":\"\",\"t50\":\"\",\"t51\":\"\",\"t52\":\"\",\"t53\":\"\",\"t54\":\"\",\"t55\":\"\",\"t56\":\"\",\"t57\":\"\",\"t58\":\"\",\"t59\":\"\",\"t60\":\"\"}');
INSERT INTO `chitiet_lichday` VALUES (175, '3', '4', '1', '155', '24', '19', '23', '{\"t1\":\"x\",\"t2\":\"x\",\"t3\":\"x\",\"t4\":\"\",\"t5\":\"\",\"t6\":\"\",\"t7\":\"x\",\"t8\":\"x\",\"t9\":\"x\",\"t10\":\"x\",\"t11\":\"x\",\"t12\":\"x\",\"t13\":\"\",\"t14\":\"\",\"t15\":\"\",\"t16\":\"\",\"t17\":\"\",\"t18\":\"\",\"t19\":\"\",\"t20\":\"\",\"t21\":\"\",\"t22\":\"\",\"t23\":\"\",\"t24\":\"\",\"t25\":\"\",\"t26\":\"\",\"t27\":\"\",\"t28\":\"\",\"t29\":\"\",\"t30\":\"\",\"t31\":\"\",\"t32\":\"\",\"t33\":\"\",\"t34\":\"\",\"t35\":\"\",\"t36\":\"\",\"t37\":\"\",\"t38\":\"\",\"t39\":\"\",\"t40\":\"\",\"t41\":\"\",\"t42\":\"\",\"t43\":\"\",\"t44\":\"\",\"t45\":\"\",\"t46\":\"\",\"t47\":\"\",\"t48\":\"\",\"t49\":\"\",\"t50\":\"\",\"t51\":\"\",\"t52\":\"\",\"t53\":\"\",\"t54\":\"\",\"t55\":\"\",\"t56\":\"\",\"t57\":\"\",\"t58\":\"\",\"t59\":\"\",\"t60\":\"\"}');
INSERT INTO `chitiet_lichday` VALUES (176, '3', '4', '2', '155', '24', '19', '23', '{\"t1\":\"x\",\"t2\":\"x\",\"t3\":\"x\",\"t4\":\"\",\"t5\":\"\",\"t6\":\"\",\"t7\":\"x\",\"t8\":\"x\",\"t9\":\"x\",\"t10\":\"x\",\"t11\":\"x\",\"t12\":\"x\",\"t13\":\"\",\"t14\":\"\",\"t15\":\"\",\"t16\":\"\",\"t17\":\"\",\"t18\":\"\",\"t19\":\"\",\"t20\":\"\",\"t21\":\"\",\"t22\":\"\",\"t23\":\"\",\"t24\":\"\",\"t25\":\"\",\"t26\":\"\",\"t27\":\"\",\"t28\":\"\",\"t29\":\"\",\"t30\":\"\",\"t31\":\"\",\"t32\":\"\",\"t33\":\"\",\"t34\":\"\",\"t35\":\"\",\"t36\":\"\",\"t37\":\"\",\"t38\":\"\",\"t39\":\"\",\"t40\":\"\",\"t41\":\"\",\"t42\":\"\",\"t43\":\"\",\"t44\":\"\",\"t45\":\"\",\"t46\":\"\",\"t47\":\"\",\"t48\":\"\",\"t49\":\"\",\"t50\":\"\",\"t51\":\"\",\"t52\":\"\",\"t53\":\"\",\"t54\":\"\",\"t55\":\"\",\"t56\":\"\",\"t57\":\"\",\"t58\":\"\",\"t59\":\"\",\"t60\":\"\"}');
INSERT INTO `chitiet_lichday` VALUES (177, '3', '4', '1', '155', '25', '19', '23', '{\"t1\":\"\",\"t2\":\"\",\"t3\":\"\",\"t4\":\"\",\"t5\":\"\",\"t6\":\"\",\"t7\":\"\",\"t8\":\"\",\"t9\":\"\",\"t10\":\"\",\"t11\":\"\",\"t12\":\"\",\"t13\":\"x\",\"t14\":\"x\",\"t15\":\"\",\"t16\":\"x\",\"t17\":\"x\",\"t18\":\"x\",\"t19\":\"x\",\"t20\":\"\",\"t21\":\"\",\"t22\":\"\",\"t23\":\"\",\"t24\":\"\",\"t25\":\"\",\"t26\":\"\",\"t27\":\"\",\"t28\":\"\",\"t29\":\"\",\"t30\":\"\",\"t31\":\"\",\"t32\":\"\",\"t33\":\"\",\"t34\":\"\",\"t35\":\"\",\"t36\":\"\",\"t37\":\"\",\"t38\":\"\",\"t39\":\"\",\"t40\":\"\",\"t41\":\"\",\"t42\":\"\",\"t43\":\"\",\"t44\":\"\",\"t45\":\"\",\"t46\":\"\",\"t47\":\"\",\"t48\":\"\",\"t49\":\"\",\"t50\":\"\",\"t51\":\"\",\"t52\":\"\",\"t53\":\"\",\"t54\":\"\",\"t55\":\"\",\"t56\":\"\",\"t57\":\"\",\"t58\":\"\",\"t59\":\"\",\"t60\":\"\"}');
INSERT INTO `chitiet_lichday` VALUES (178, '3', '4', '2', '155', '25', '19', '23', '{\"t1\":\"\",\"t2\":\"\",\"t3\":\"\",\"t4\":\"\",\"t5\":\"\",\"t6\":\"\",\"t7\":\"\",\"t8\":\"\",\"t9\":\"\",\"t10\":\"\",\"t11\":\"\",\"t12\":\"\",\"t13\":\"x\",\"t14\":\"x\",\"t15\":\"\",\"t16\":\"x\",\"t17\":\"x\",\"t18\":\"x\",\"t19\":\"x\",\"t20\":\"\",\"t21\":\"\",\"t22\":\"\",\"t23\":\"\",\"t24\":\"\",\"t25\":\"\",\"t26\":\"\",\"t27\":\"\",\"t28\":\"\",\"t29\":\"\",\"t30\":\"\",\"t31\":\"\",\"t32\":\"\",\"t33\":\"\",\"t34\":\"\",\"t35\":\"\",\"t36\":\"\",\"t37\":\"\",\"t38\":\"\",\"t39\":\"\",\"t40\":\"\",\"t41\":\"\",\"t42\":\"\",\"t43\":\"\",\"t44\":\"\",\"t45\":\"\",\"t46\":\"\",\"t47\":\"\",\"t48\":\"\",\"t49\":\"\",\"t50\":\"\",\"t51\":\"\",\"t52\":\"\",\"t53\":\"\",\"t54\":\"\",\"t55\":\"\",\"t56\":\"\",\"t57\":\"\",\"t58\":\"\",\"t59\":\"\",\"t60\":\"\"}');
INSERT INTO `chitiet_lichday` VALUES (179, '3', '6', '2', '129', '19', '25', '23', '{\"t1\":\"\",\"t2\":\"\",\"t3\":\"\",\"t4\":\"\",\"t5\":\"\",\"t6\":\"\",\"t7\":\"\",\"t8\":\"x\",\"t9\":\"x\",\"t10\":\"x\",\"t11\":\"x\",\"t12\":\"x\",\"t13\":\"x\",\"t14\":\"x\",\"t15\":\"x\",\"t16\":\"x\",\"t17\":\"x\",\"t18\":\"\",\"t19\":\"\",\"t20\":\"\",\"t21\":\"\",\"t22\":\"\",\"t23\":\"\",\"t24\":\"\",\"t25\":\"\",\"t26\":\"\",\"t27\":\"\",\"t28\":\"\",\"t29\":\"\",\"t30\":\"\",\"t31\":\"\",\"t32\":\"\",\"t33\":\"\",\"t34\":\"\",\"t35\":\"\",\"t36\":\"\",\"t37\":\"\",\"t38\":\"\",\"t39\":\"\",\"t40\":\"\",\"t41\":\"\",\"t42\":\"\",\"t43\":\"\",\"t44\":\"\",\"t45\":\"\",\"t46\":\"\",\"t47\":\"\",\"t48\":\"\",\"t49\":\"\",\"t50\":\"\",\"t51\":\"\",\"t52\":\"\",\"t53\":\"\",\"t54\":\"\",\"t55\":\"\",\"t56\":\"\",\"t57\":\"\",\"t58\":\"\",\"t59\":\"\",\"t60\":\"\"}');
INSERT INTO `chitiet_lichday` VALUES (180, '3', '2', '4', '179', '11', '25', '24', '{\"t1\":\"\",\"t2\":\"x\",\"t3\":\"x\",\"t4\":\"\",\"t5\":\"\",\"t6\":\"\",\"t7\":\"x\",\"t8\":\"x\",\"t9\":\"x\",\"t10\":\"x\",\"t11\":\"x\",\"t12\":\"x\",\"t13\":\"x\",\"t14\":\"x\",\"t15\":\"x\",\"t16\":\"x\",\"t17\":\"x\",\"t18\":\"x\",\"t19\":\"x\",\"t20\":\"\",\"t21\":\"\",\"t22\":\"\",\"t23\":\"\",\"t24\":\"\",\"t25\":\"\",\"t26\":\"\",\"t27\":\"\",\"t28\":\"\",\"t29\":\"\",\"t30\":\"\",\"t31\":\"\",\"t32\":\"\",\"t33\":\"\",\"t34\":\"\",\"t35\":\"\",\"t36\":\"\",\"t37\":\"\",\"t38\":\"\",\"t39\":\"\",\"t40\":\"\",\"t41\":\"\",\"t42\":\"\",\"t43\":\"\",\"t44\":\"\",\"t45\":\"\",\"t46\":\"\",\"t47\":\"\",\"t48\":\"\",\"t49\":\"\",\"t50\":\"\",\"t51\":\"\",\"t52\":\"\",\"t53\":\"\",\"t54\":\"\",\"t55\":\"\",\"t56\":\"\",\"t57\":\"\",\"t58\":\"\",\"t59\":\"\",\"t60\":\"\"}');
INSERT INTO `chitiet_lichday` VALUES (181, '3', '2', '1', '180', '13', '23', '24', '{\"t1\":\"\",\"t2\":\"\",\"t3\":\"\",\"t4\":\"\",\"t5\":\"\",\"t6\":\"\",\"t7\":\"x\",\"t8\":\"x\",\"t9\":\"x\",\"t10\":\"x\",\"t11\":\"x\",\"t12\":\"x\",\"t13\":\"x\",\"t14\":\"x\",\"t15\":\"x\",\"t16\":\"x\",\"t17\":\"\",\"t18\":\"\",\"t19\":\"\",\"t20\":\"\",\"t21\":\"\",\"t22\":\"\",\"t23\":\"\",\"t24\":\"\",\"t25\":\"\",\"t26\":\"\",\"t27\":\"\",\"t28\":\"\",\"t29\":\"\",\"t30\":\"\",\"t31\":\"\",\"t32\":\"\",\"t33\":\"\",\"t34\":\"\",\"t35\":\"\",\"t36\":\"\",\"t37\":\"\",\"t38\":\"\",\"t39\":\"\",\"t40\":\"\",\"t41\":\"\",\"t42\":\"\",\"t43\":\"\",\"t44\":\"\",\"t45\":\"\",\"t46\":\"\",\"t47\":\"\",\"t48\":\"\",\"t49\":\"\",\"t50\":\"\",\"t51\":\"\",\"t52\":\"\",\"t53\":\"\",\"t54\":\"\",\"t55\":\"\",\"t56\":\"\",\"t57\":\"\",\"t58\":\"\",\"t59\":\"\",\"t60\":\"\"}');
INSERT INTO `chitiet_lichday` VALUES (182, '3', '2', '2', '181', '13', '23', '24', '{\"t1\":\"\",\"t2\":\"\",\"t3\":\"\",\"t4\":\"\",\"t5\":\"\",\"t6\":\"\",\"t7\":\"x\",\"t8\":\"x\",\"t9\":\"x\",\"t10\":\"x\",\"t11\":\"x\",\"t12\":\"x\",\"t13\":\"x\",\"t14\":\"x\",\"t15\":\"x\",\"t16\":\"x\",\"t17\":\"\",\"t18\":\"\",\"t19\":\"\",\"t20\":\"\",\"t21\":\"\",\"t22\":\"\",\"t23\":\"\",\"t24\":\"\",\"t25\":\"\",\"t26\":\"\",\"t27\":\"\",\"t28\":\"\",\"t29\":\"\",\"t30\":\"\",\"t31\":\"\",\"t32\":\"\",\"t33\":\"\",\"t34\":\"\",\"t35\":\"\",\"t36\":\"\",\"t37\":\"\",\"t38\":\"\",\"t39\":\"\",\"t40\":\"\",\"t41\":\"\",\"t42\":\"\",\"t43\":\"\",\"t44\":\"\",\"t45\":\"\",\"t46\":\"\",\"t47\":\"\",\"t48\":\"\",\"t49\":\"\",\"t50\":\"\",\"t51\":\"\",\"t52\":\"\",\"t53\":\"\",\"t54\":\"\",\"t55\":\"\",\"t56\":\"\",\"t57\":\"\",\"t58\":\"\",\"t59\":\"\",\"t60\":\"\"}');
INSERT INTO `chitiet_lichday` VALUES (183, '3', '3', '1', '182', '13', '25', '24', '{\"t1\":\"\",\"t2\":\"\",\"t3\":\"\",\"t4\":\"\",\"t5\":\"\",\"t6\":\"\",\"t7\":\"x\",\"t8\":\"x\",\"t9\":\"x\",\"t10\":\"x\",\"t11\":\"x\",\"t12\":\"x\",\"t13\":\"x\",\"t14\":\"x\",\"t15\":\"x\",\"t16\":\"x\",\"t17\":\"\",\"t18\":\"\",\"t19\":\"\",\"t20\":\"\",\"t21\":\"\",\"t22\":\"\",\"t23\":\"\",\"t24\":\"\",\"t25\":\"\",\"t26\":\"\",\"t27\":\"\",\"t28\":\"\",\"t29\":\"\",\"t30\":\"\",\"t31\":\"\",\"t32\":\"\",\"t33\":\"\",\"t34\":\"\",\"t35\":\"\",\"t36\":\"\",\"t37\":\"\",\"t38\":\"\",\"t39\":\"\",\"t40\":\"\",\"t41\":\"\",\"t42\":\"\",\"t43\":\"\",\"t44\":\"\",\"t45\":\"\",\"t46\":\"\",\"t47\":\"\",\"t48\":\"\",\"t49\":\"\",\"t50\":\"\",\"t51\":\"\",\"t52\":\"\",\"t53\":\"\",\"t54\":\"\",\"t55\":\"\",\"t56\":\"\",\"t57\":\"\",\"t58\":\"\",\"t59\":\"\",\"t60\":\"\"}');
INSERT INTO `chitiet_lichday` VALUES (184, '3', '3', '2', '183', '13', '25', '24', '{\"t1\":\"\",\"t2\":\"\",\"t3\":\"\",\"t4\":\"\",\"t5\":\"\",\"t6\":\"\",\"t7\":\"x\",\"t8\":\"x\",\"t9\":\"x\",\"t10\":\"x\",\"t11\":\"x\",\"t12\":\"x\",\"t13\":\"x\",\"t14\":\"x\",\"t15\":\"x\",\"t16\":\"x\",\"t17\":\"\",\"t18\":\"\",\"t19\":\"\",\"t20\":\"\",\"t21\":\"\",\"t22\":\"\",\"t23\":\"\",\"t24\":\"\",\"t25\":\"\",\"t26\":\"\",\"t27\":\"\",\"t28\":\"\",\"t29\":\"\",\"t30\":\"\",\"t31\":\"\",\"t32\":\"\",\"t33\":\"\",\"t34\":\"\",\"t35\":\"\",\"t36\":\"\",\"t37\":\"\",\"t38\":\"\",\"t39\":\"\",\"t40\":\"\",\"t41\":\"\",\"t42\":\"\",\"t43\":\"\",\"t44\":\"\",\"t45\":\"\",\"t46\":\"\",\"t47\":\"\",\"t48\":\"\",\"t49\":\"\",\"t50\":\"\",\"t51\":\"\",\"t52\":\"\",\"t53\":\"\",\"t54\":\"\",\"t55\":\"\",\"t56\":\"\",\"t57\":\"\",\"t58\":\"\",\"t59\":\"\",\"t60\":\"\"}');
INSERT INTO `chitiet_lichday` VALUES (185, '3', '4', '2', '184', '11', '18', '24', '{\"t1\":\"x\",\"t2\":\"x\",\"t3\":\"x\",\"t4\":\"\",\"t5\":\"\",\"t6\":\"\",\"t7\":\"x\",\"t8\":\"x\",\"t9\":\"x\",\"t10\":\"x\",\"t11\":\"x\",\"t12\":\"x\",\"t13\":\"x\",\"t14\":\"x\",\"t15\":\"\",\"t16\":\"x\",\"t17\":\"x\",\"t18\":\"x\",\"t19\":\"x\",\"t20\":\"\",\"t21\":\"\",\"t22\":\"\",\"t23\":\"\",\"t24\":\"\",\"t25\":\"\",\"t26\":\"\",\"t27\":\"\",\"t28\":\"\",\"t29\":\"\",\"t30\":\"\",\"t31\":\"\",\"t32\":\"\",\"t33\":\"\",\"t34\":\"\",\"t35\":\"\",\"t36\":\"\",\"t37\":\"\",\"t38\":\"\",\"t39\":\"\",\"t40\":\"\",\"t41\":\"\",\"t42\":\"\",\"t43\":\"\",\"t44\":\"\",\"t45\":\"\",\"t46\":\"\",\"t47\":\"\",\"t48\":\"\",\"t49\":\"\",\"t50\":\"\",\"t51\":\"\",\"t52\":\"\",\"t53\":\"\",\"t54\":\"\",\"t55\":\"\",\"t56\":\"\",\"t57\":\"\",\"t58\":\"\",\"t59\":\"\",\"t60\":\"\"}');
INSERT INTO `chitiet_lichday` VALUES (186, '3', '4', '3', '99', '26', '25', '24', '{\"t1\":\"\",\"t2\":\"\",\"t3\":\"\",\"t4\":\"\",\"t5\":\"\",\"t6\":\"\",\"t7\":\"x\",\"t8\":\"x\",\"t9\":\"x\",\"t10\":\"x\",\"t11\":\"x\",\"t12\":\"x\",\"t13\":\"x\",\"t14\":\"x\",\"t15\":\"\",\"t16\":\"x\",\"t17\":\"x\",\"t18\":\"\",\"t19\":\"\",\"t20\":\"\",\"t21\":\"\",\"t22\":\"\",\"t23\":\"\",\"t24\":\"\",\"t25\":\"\",\"t26\":\"\",\"t27\":\"\",\"t28\":\"\",\"t29\":\"\",\"t30\":\"\",\"t31\":\"\",\"t32\":\"\",\"t33\":\"\",\"t34\":\"\",\"t35\":\"\",\"t36\":\"\",\"t37\":\"\",\"t38\":\"\",\"t39\":\"\",\"t40\":\"\",\"t41\":\"\",\"t42\":\"\",\"t43\":\"\",\"t44\":\"\",\"t45\":\"\",\"t46\":\"\",\"t47\":\"\",\"t48\":\"\",\"t49\":\"\",\"t50\":\"\",\"t51\":\"\",\"t52\":\"\",\"t53\":\"\",\"t54\":\"\",\"t55\":\"\",\"t56\":\"\",\"t57\":\"\",\"t58\":\"\",\"t59\":\"\",\"t60\":\"\"}');
INSERT INTO `chitiet_lichday` VALUES (187, '3', '4', '4', '98', '26', '25', '24', '{\"t1\":\"\",\"t2\":\"\",\"t3\":\"\",\"t4\":\"\",\"t5\":\"\",\"t6\":\"\",\"t7\":\"x\",\"t8\":\"x\",\"t9\":\"x\",\"t10\":\"x\",\"t11\":\"x\",\"t12\":\"x\",\"t13\":\"x\",\"t14\":\"x\",\"t15\":\"\",\"t16\":\"x\",\"t17\":\"x\",\"t18\":\"\",\"t19\":\"\",\"t20\":\"\",\"t21\":\"\",\"t22\":\"\",\"t23\":\"\",\"t24\":\"\",\"t25\":\"\",\"t26\":\"\",\"t27\":\"\",\"t28\":\"\",\"t29\":\"\",\"t30\":\"\",\"t31\":\"\",\"t32\":\"\",\"t33\":\"\",\"t34\":\"\",\"t35\":\"\",\"t36\":\"\",\"t37\":\"\",\"t38\":\"\",\"t39\":\"\",\"t40\":\"\",\"t41\":\"\",\"t42\":\"\",\"t43\":\"\",\"t44\":\"\",\"t45\":\"\",\"t46\":\"\",\"t47\":\"\",\"t48\":\"\",\"t49\":\"\",\"t50\":\"\",\"t51\":\"\",\"t52\":\"\",\"t53\":\"\",\"t54\":\"\",\"t55\":\"\",\"t56\":\"\",\"t57\":\"\",\"t58\":\"\",\"t59\":\"\",\"t60\":\"\"}');
INSERT INTO `chitiet_lichday` VALUES (188, '3', '7', '1', '155', '27', '24', '25', '{\"t1\":\"\",\"t2\":\"\",\"t3\":\"\",\"t4\":\"\",\"t5\":\"\",\"t6\":\"\",\"t7\":\"\",\"t8\":\"x\",\"t9\":\"x\",\"t10\":\"x\",\"t11\":\"x\",\"t12\":\"x\",\"t13\":\"x\",\"t14\":\"x\",\"t15\":\"x\",\"t16\":\"x\",\"t17\":\"x\",\"t18\":\"\",\"t19\":\"\",\"t20\":\"\",\"t21\":\"\",\"t22\":\"\",\"t23\":\"\",\"t24\":\"\",\"t25\":\"\",\"t26\":\"\",\"t27\":\"\",\"t28\":\"\",\"t29\":\"\",\"t30\":\"\",\"t31\":\"\",\"t32\":\"\",\"t33\":\"\",\"t34\":\"\",\"t35\":\"\",\"t36\":\"\",\"t37\":\"\",\"t38\":\"\",\"t39\":\"\",\"t40\":\"\",\"t41\":\"\",\"t42\":\"\",\"t43\":\"\",\"t44\":\"\",\"t45\":\"\",\"t46\":\"\",\"t47\":\"\",\"t48\":\"\",\"t49\":\"\",\"t50\":\"\",\"t51\":\"\",\"t52\":\"\",\"t53\":\"\",\"t54\":\"\",\"t55\":\"\",\"t56\":\"\",\"t57\":\"\",\"t58\":\"\",\"t59\":\"\",\"t60\":\"\"}');

-- ----------------------------
-- Table structure for chitiet_truc
-- ----------------------------
DROP TABLE IF EXISTS `chitiet_truc`;
CREATE TABLE `chitiet_truc`  (
  `id` int(11) NOT NULL AUTO_INCREMENT,
  `hocky_id` int(5) NOT NULL,
  `thu_id` int(5) NOT NULL,
  `ca_id` int(5) NOT NULL,
  `kythuatvien_id` int(11) NULL DEFAULT NULL,
  `ghichu` varchar(255) CHARACTER SET utf8 COLLATE utf8_general_ci NULL DEFAULT NULL,
  PRIMARY KEY (`id`, `hocky_id`, `thu_id`, `ca_id`) USING BTREE
) ENGINE = MyISAM AUTO_INCREMENT = 22 CHARACTER SET = utf8 COLLATE = utf8_general_ci ROW_FORMAT = Dynamic;

-- ----------------------------
-- Records of chitiet_truc
-- ----------------------------
INSERT INTO `chitiet_truc` VALUES (7, 1, 1, 1, 2, NULL);
INSERT INTO `chitiet_truc` VALUES (5, 3, 1, 1, 4, NULL);
INSERT INTO `chitiet_truc` VALUES (10, 3, 6, 5, 4, NULL);
INSERT INTO `chitiet_truc` VALUES (15, 3, 7, 4, 3, NULL);
INSERT INTO `chitiet_truc` VALUES (11, 3, 8, 3, 3, NULL);
INSERT INTO `chitiet_truc` VALUES (12, 3, 1, 6, 1, NULL);
INSERT INTO `chitiet_truc` VALUES (13, 1, 4, 4, 3, NULL);
INSERT INTO `chitiet_truc` VALUES (14, 1, 6, 4, 4, NULL);
INSERT INTO `chitiet_truc` VALUES (16, 3, 2, 4, 2, NULL);
INSERT INTO `chitiet_truc` VALUES (17, 3, 4, 3, 2, NULL);
INSERT INTO `chitiet_truc` VALUES (18, 3, 1, 5, 3, NULL);
INSERT INTO `chitiet_truc` VALUES (19, 3, 5, 5, 2, NULL);
INSERT INTO `chitiet_truc` VALUES (20, 3, 5, 4, 3, NULL);
INSERT INTO `chitiet_truc` VALUES (21, 3, 1, 4, 7, NULL);

-- ----------------------------
-- Table structure for dangky_daybu
-- ----------------------------
DROP TABLE IF EXISTS `dangky_daybu`;
CREATE TABLE `dangky_daybu`  (
  `id` int(11) NOT NULL AUTO_INCREMENT,
  `dangky_nghi_id` int(10) NULL DEFAULT NULL,
  `tentuan` varchar(50) CHARACTER SET utf8mb4 COLLATE utf8mb4_general_ci NULL DEFAULT NULL,
  `thu_id` int(10) NULL DEFAULT NULL,
  `ca_id` int(10) NULL DEFAULT NULL,
  `phongmay_id` int(10) NULL DEFAULT NULL,
  PRIMARY KEY (`id`) USING BTREE
) ENGINE = MyISAM AUTO_INCREMENT = 12 CHARACTER SET = utf8mb4 COLLATE = utf8mb4_general_ci ROW_FORMAT = Dynamic;

-- ----------------------------
-- Records of dangky_daybu
-- ----------------------------
INSERT INTO `dangky_daybu` VALUES (1, 1, 't1', 6, 2, 18);
INSERT INTO `dangky_daybu` VALUES (2, 2, 't7', 5, 2, 17);
INSERT INTO `dangky_daybu` VALUES (3, 3, 't7', 4, 1, 18);
INSERT INTO `dangky_daybu` VALUES (9, 14, 't25', 2, 1, 18);
INSERT INTO `dangky_daybu` VALUES (8, 13, 't25', 2, 1, 18);
INSERT INTO `dangky_daybu` VALUES (10, 15, 't25', 2, 2, 18);
INSERT INTO `dangky_daybu` VALUES (11, 16, 't27', 7, 1, 18);

-- ----------------------------
-- Table structure for dangky_nghi
-- ----------------------------
DROP TABLE IF EXISTS `dangky_nghi`;
CREATE TABLE `dangky_nghi`  (
  `id` int(10) NOT NULL AUTO_INCREMENT,
  `tentuan` varchar(50) CHARACTER SET utf8mb4 COLLATE utf8mb4_general_ci NULL DEFAULT NULL,
  `giangvien_id` int(10) NULL DEFAULT NULL,
  `chitiet_lichday_id` int(10) NULL DEFAULT NULL,
  PRIMARY KEY (`id`) USING BTREE
) ENGINE = MyISAM AUTO_INCREMENT = 18 CHARACTER SET = utf8mb4 COLLATE = utf8mb4_general_ci ROW_FORMAT = Dynamic;

-- ----------------------------
-- Records of dangky_nghi
-- ----------------------------
INSERT INTO `dangky_nghi` VALUES (1, 't1', 24, 185);
INSERT INTO `dangky_nghi` VALUES (2, 't7', 5, 29);
INSERT INTO `dangky_nghi` VALUES (3, 't7', 14, 98);
INSERT INTO `dangky_nghi` VALUES (14, 't1', 2, 17);
INSERT INTO `dangky_nghi` VALUES (15, 't1', 2, 18);
INSERT INTO `dangky_nghi` VALUES (16, 't1', 2, 13);
INSERT INTO `dangky_nghi` VALUES (17, 't1', 2, 14);

-- ----------------------------
-- Table structure for giangvien
-- ----------------------------
DROP TABLE IF EXISTS `giangvien`;
CREATE TABLE `giangvien`  (
  `id` int(11) UNSIGNED NOT NULL AUTO_INCREMENT,
  `magiangvien` varchar(15) CHARACTER SET utf8mb4 COLLATE utf8mb4_unicode_ci NULL DEFAULT NULL,
  `image` varchar(255) CHARACTER SET utf8mb4 COLLATE utf8mb4_unicode_ci NULL DEFAULT NULL,
  `username` varchar(191) CHARACTER SET utf8mb4 COLLATE utf8mb4_unicode_ci NOT NULL,
  `email` varchar(191) CHARACTER SET utf8mb4 COLLATE utf8mb4_unicode_ci NULL DEFAULT NULL,
  `password` varchar(60) CHARACTER SET utf8mb4 COLLATE utf8mb4_unicode_ci NOT NULL,
  `remember_token` varchar(100) CHARACTER SET utf8mb4 COLLATE utf8mb4_unicode_ci NULL DEFAULT NULL,
  `status` tinyint(1) NOT NULL DEFAULT 1,
  `created_at` timestamp(0) NULL DEFAULT NULL,
  `updated_at` timestamp(0) NULL DEFAULT NULL,
  PRIMARY KEY (`id`) USING BTREE,
  UNIQUE INDEX `giangvien_email_unique`(`email`) USING BTREE
) ENGINE = MyISAM AUTO_INCREMENT = 27 CHARACTER SET = utf8mb4 COLLATE = utf8mb4_unicode_ci ROW_FORMAT = Dynamic;

-- ----------------------------
-- Records of giangvien
-- ----------------------------
INSERT INTO `giangvien` VALUES (1, 'MA_GV01', NULL, 'Giangvien', 'giangvien@giangvien.com', '$2y$10$1wDlJkCKiDvhh/dsPdp2M.Q.WMnv6hV1ALtfJVbBwBH39KLnBR/ti', 'q7DmSSCgKjNaUnStrovAlDEsLACbRfHLTRJaeg9WBkXGFd1obLgXdK1e3SQN', 1, '2018-05-16 07:44:16', '2018-05-16 07:44:16');
INSERT INTO `giangvien` VALUES (2, 'THCH_D0017', 'TCD3.png', 'Mai Vn Phng V X', 'giangvien02@gmail.com', '$2y$10$4opePryW02WsR9NTatx0pOdtlZIvwU13t3O6M2L65a1JaiEDdG34C', 'QBJpnyNrXaIHlbmpYyRZYxWHlAFRIFz8Asjzsq3LsTr2AriwkZslsUr92w5G', 0, '2018-06-14 00:12:18', '2018-07-02 01:39:32');
INSERT INTO `giangvien` VALUES (3, 'THCH_D0024', NULL, 'Hunh Phan Diu Hin', 'giangvien03@gmail.com', '$2y$10$8lKceyxA2M98MUJuvuJlcODHaJz/Zc9g7RFOm/gHV00mkt/mwfWS6', NULL, 0, '2018-06-14 10:26:05', '2018-06-14 10:26:05');
INSERT INTO `giangvien` VALUES (4, 'THCH_F0008', NULL, 'Nguyn Thi Ha', 'giangvien04@gmail.com', '$2y$10$PF4GNx2ebITlTbaElFEyjO0hJakcnb.7Q4Q.R23lRX0fS6yt2PDd6', NULL, 0, '2018-06-14 10:26:05', '2018-06-14 10:26:05');
INSERT INTO `giangvien` VALUES (5, 'THCH_F0027', NULL, 'Lng An Vinh', 'giangvien05@gmail.com', '$2y$10$jmFilDyjEWf6z2tmI.NSc.RGWTrwmiDYhoVhLF7VAEPULzs1G6l4q', NULL, 0, '2018-06-14 10:26:05', '2018-06-14 10:26:05');
INSERT INTO `giangvien` VALUES (6, 'THCH_F0028', NULL, 'Ng Th Bo Trn', 'giangvien06@gmail.com', '$2y$10$gC4gbUaEwArX1DPTiAKK8O/BT.sOYMtMXxtuvMBecEgbnEBRKmOLS', NULL, 0, '2018-06-14 10:26:06', '2018-06-14 10:26:06');
INSERT INTO `giangvien` VALUES (7, 'THCH_F0029', NULL, 'on Trnh Dc', 'giangvien07@gmail.com', '$2y$10$kpv02tFznRZlXFT7wGMaKOYCOhMGBkv8UkC9mVop24ostr1dvIcu.', NULL, 0, '2018-06-14 10:26:06', '2018-06-14 10:26:06');
INSERT INTO `giangvien` VALUES (8, 'THCH_F0036', NULL, 'Nguyn Ngc Lm', 'giangvien08@gmail.com', '$2y$10$P1V/ZqQ8grdq.Ok4cXr/0uekl5tQap30dio.I9/OcXOtWODiIipzC', NULL, 0, '2018-06-14 10:26:06', '2018-06-14 10:26:06');
INSERT INTO `giangvien` VALUES (9, 'THCH_F0037', NULL, 'Trnh Thanh Duy', 'giangvien09@gmail.com', '$2y$10$4KHW2mOgqDIuDYtW7cuUwewezCE3HAgHJuksPrOXPDKMwNpVeGDBK', NULL, 0, '2018-06-14 10:26:06', '2018-06-14 10:26:06');
INSERT INTO `giangvien` VALUES (10, 'THCH_F0038', NULL, 'H Hi', 'giangvien10@gmail.com', '$2y$10$36YSaqOBFIhSjQklZg4xA.p4VqtSb6Bw3k4.bRepBMxOQBPFC4MPO', NULL, 0, '2018-06-14 10:26:06', '2018-06-14 10:26:06');
INSERT INTO `giangvien` VALUES (11, 'THCH_F0039', NULL, 'Trn Th M Hunh', 'giangvien11@gmail.com', '$2y$10$ZkUCJW7hoJOKdOnhtQ5WNeNDNowr4TjQSXLsAxL7z/DZ6MyJ8vbsG', NULL, 0, '2018-06-14 10:26:06', '2018-06-14 10:26:06');
INSERT INTO `giangvien` VALUES (12, 'THCH_M0004', NULL, 'Nguyn An T', 'giangvien12@gmail.com', '$2y$10$0ZjVyWYt/LIFt0zKZ5TAzOofW2rgZsgxC6YZuv2qNTbTkeyHnO3t2', NULL, 0, '2018-06-14 10:26:06', '2018-06-14 10:26:06');
INSERT INTO `giangvien` VALUES (13, 'THTH_F0023', NULL, 'Nguyn Trn Phc Thnh', 'giangvien13@gmail.com', '$2y$10$J5/1Pq/IOXS.3EjZN89EPeC29xKMcBvbbJI144MnoIPUEKdgcuQ.2', NULL, 0, '2018-06-14 10:26:06', '2018-06-14 10:26:06');
INSERT INTO `giangvien` VALUES (14, 'THLT_F0006', NULL, 'L Triu Ngc c', 'giangvien14@gmail.com', '$2y$10$fpDVQItRbZFCIdcbjmfr1eEdILZNv8pk8SdnskOxQcoyEasLE65hi', 'UEFePOiBgoEtXtZsO5EPl9F7n1GVA4neEr8oT60GtojlNf1D6HxlS6Xk02AO', 0, '2018-06-14 10:26:06', '2018-06-14 10:26:06');
INSERT INTO `giangvien` VALUES (15, 'THLT_F0015', NULL, 'Nguyn Lc An Th', 'giangvien15@gmail.com', '$2y$10$oEWt3lp8L7C2uonM4ktMuOlochWaejhMEAzEDWQKzg/ZGAwNdoAIu', NULL, 0, '2018-06-14 10:26:06', '2018-06-14 10:26:06');
INSERT INTO `giangvien` VALUES (16, 'THLT_F0016', NULL, 'Nguyn Thanh Tng', 'giangvien16@gmail.com', '$2y$10$fysT4bEIviU/wC0bfOsme.NTWkLIQQZHc53zKJJYEK4a8ab7JIyq6', NULL, 0, '2018-06-14 10:26:06', '2018-06-14 10:26:06');
INSERT INTO `giangvien` VALUES (17, 'THLT_M0002', NULL, 'H nh Kh', 'giangvien17@gmail.com', '$2y$10$5ZqP/GkX62FyZFh.4IuSneSQJhlkuAExY15FM.ip.WPHf7e.H8UUq', NULL, 0, '2018-06-14 10:26:06', '2018-06-14 10:26:06');
INSERT INTO `giangvien` VALUES (18, 'THTH_F0004', NULL, 'Ng Xun Bch', 'giangvien18@gmail.com', '$2y$10$byb/n.B9RkPsvUn6vjrfGu7sybwRT8DtCS6NMrdwGxBAUNe4Js0iG', NULL, 0, '2018-06-14 10:26:07', '2018-06-14 10:26:07');
INSERT INTO `giangvien` VALUES (19, 'THTH_F0007', NULL, 'L Th M Dung', 'giangvien19@gmail.com', '$2y$10$0NR4SwXHUU02pQyOEQHJ0.p47cAfmmnuMihCVZP6ytg4Os8SGCgdG', NULL, 0, '2018-06-14 10:26:07', '2018-06-14 10:26:07');
INSERT INTO `giangvien` VALUES (20, 'THTH_F0011', NULL, 'Nguyn Trng Ngha', 'giangvien20@gmail.com', '$2y$10$XDXkhMKurg5K2ej5DS5pQ.ixQ6b5JNemGGW71DkQ6Hg.uDMfs2i..', NULL, 0, '2018-06-14 10:26:07', '2018-06-14 10:26:07');
INSERT INTO `giangvien` VALUES (21, 'THTH_F0017', NULL, 'H Anh V', 'giangvien21@gmail.com', '$2y$10$PfoHLBPhy9KiB5PpMdDO8ubOGIn1b/tSslUencQml/36.OsAqdA5m', NULL, 0, '2018-06-14 10:26:07', '2018-06-14 10:26:07');
INSERT INTO `giangvien` VALUES (22, 'THTH_F0018', NULL, 'Nguyn Th Thanh Xun', 'giangvien22@gmail.com', '$2y$10$hyObLflVfHUb5BVxa1FC8u0z4Q830vkIgz.PO1tudlea9yYbEhzEO', NULL, 0, '2018-06-14 10:26:07', '2018-06-14 10:26:07');
INSERT INTO `giangvien` VALUES (23, 'THTH_F0019', NULL, 'Trn Th Nh ', 'giangvien23@gmail.com', '$2y$10$3dzVgc8HFfCAYXbahiEuoOcuRQIDegDFkIz5eLNcho/6UVoQM4FZ6', NULL, 0, '2018-06-14 10:26:07', '2018-06-14 10:26:07');
INSERT INTO `giangvien` VALUES (24, 'THTH_F0020', NULL, 'Bi Nht Bng', 'giangvien24@gmail.com', '$2y$10$0erCb.MYo3NUiATAoy6MFePH.l5hgTjBIUjzyTXX4fAFBpvYnE3oC', NULL, 0, '2018-06-14 10:26:07', '2018-06-14 10:26:07');
INSERT INTO `giangvien` VALUES (25, 'THWE_F0009', NULL, 'Trn Vn Hng', 'giangvien25@gmail.com', '$2y$10$CGz4nQvNtUMIgyrryu8PrOgaOhUXM9wXcXqjkdMvtg.HUOWGURGdO', NULL, 0, '2018-06-14 10:26:07', '2018-06-14 10:26:07');

-- ----------------------------
-- Table structure for hocky
-- ----------------------------
DROP TABLE IF EXISTS `hocky`;
CREATE TABLE `hocky`  (
  `id` int(5) NOT NULL AUTO_INCREMENT,
  `tenhocky` varchar(100) CHARACTER SET utf8 COLLATE utf8_general_ci NULL DEFAULT NULL COMMENT 'Hc k I, II, H',
  `namhoc` varchar(20) CHARACTER SET utf8 COLLATE utf8_general_ci NULL DEFAULT NULL,
  `ngaybatdau` date NULL DEFAULT NULL COMMENT 'ngy bt u ca hc k',
  `ngayketthuc` date NULL DEFAULT NULL COMMENT 'ngy kt thc ca hc k',
  PRIMARY KEY (`id`) USING BTREE
) ENGINE = MyISAM AUTO_INCREMENT = 18 CHARACTER SET = utf8 COLLATE = utf8_general_ci ROW_FORMAT = Dynamic;

-- ----------------------------
-- Records of hocky
-- ----------------------------
INSERT INTO `hocky` VALUES (1, 'Hc k I', '2018 - 2019', '2018-09-03', '2018-12-23');
INSERT INTO `hocky` VALUES (3, 'Hc k II', '2017 - 2018', '2018-01-01', '2018-08-05');
INSERT INTO `hocky` VALUES (17, 'Hc k III', '2017 - 2018', '2018-08-06', '2018-08-31');

-- ----------------------------
-- Table structure for image
-- ----------------------------
DROP TABLE IF EXISTS `image`;
CREATE TABLE `image`  (
  `id` int(11) NOT NULL AUTO_INCREMENT,
  `image` varchar(255) CHARACTER SET utf8mb4 COLLATE utf8mb4_general_ci NULL DEFAULT NULL,
  PRIMARY KEY (`id`) USING BTREE
) ENGINE = MyISAM AUTO_INCREMENT = 5 CHARACTER SET = utf8mb4 COLLATE = utf8mb4_general_ci ROW_FORMAT = Dynamic;

-- ----------------------------
-- Records of image
-- ----------------------------
INSERT INTO `image` VALUES (1, '1527863958.jpeg');
INSERT INTO `image` VALUES (2, '1527864030.jpeg');
INSERT INTO `image` VALUES (3, '1527912126.png');
INSERT INTO `image` VALUES (4, '1527919071.png');

-- ----------------------------
-- Table structure for kythuatvien
-- ----------------------------
DROP TABLE IF EXISTS `kythuatvien`;
CREATE TABLE `kythuatvien`  (
  `id` int(11) UNSIGNED NOT NULL AUTO_INCREMENT,
  `makythuatvien` varchar(15) CHARACTER SET utf8mb4 COLLATE utf8mb4_unicode_ci NOT NULL,
  `image` varchar(255) CHARACTER SET utf8mb4 COLLATE utf8mb4_unicode_ci NULL DEFAULT NULL,
  `name` varchar(191) CHARACTER SET utf8mb4 COLLATE utf8mb4_unicode_ci NOT NULL,
  `email` varchar(191) CHARACTER SET utf8mb4 COLLATE utf8mb4_unicode_ci NOT NULL,
  `password` varchar(60) CHARACTER SET utf8mb4 COLLATE utf8mb4_unicode_ci NOT NULL,
  `remember_token` varchar(100) CHARACTER SET utf8mb4 COLLATE utf8mb4_unicode_ci NULL DEFAULT NULL,
  `status` tinyint(1) NOT NULL DEFAULT 1,
  `created_at` timestamp(0) NULL DEFAULT NULL,
  `updated_at` timestamp(0) NULL DEFAULT NULL,
  PRIMARY KEY (`id`, `makythuatvien`) USING BTREE,
  UNIQUE INDEX `kythuatvien_email_unique`(`email`) USING BTREE
) ENGINE = MyISAM AUTO_INCREMENT = 8 CHARACTER SET = utf8mb4 COLLATE = utf8mb4_unicode_ci ROW_FORMAT = Dynamic;

-- ----------------------------
-- Records of kythuatvien
-- ----------------------------
INSERT INTO `kythuatvien` VALUES (1, 'KTV01', NULL, 'Kythuatvien', 'kythuatvien@kythuatvien.com', '$2y$10$b2GPrchILm8FWhZ/udKtquqvyZ2zK/rioJsHbY8QMPUAFGI1Emng.', 'DDaIQdU5qELNjN6G49djmGqX4izGTvfdLY0tCclhverNTlgFCzRencfgpZT5', 1, '2018-05-16 07:44:16', '2018-05-16 07:44:16');
INSERT INTO `kythuatvien` VALUES (2, 'KTV02', 'TCD.png', 'Kythuatvien TwoY', 'kythuatvien02@gmail.com', '$2y$10$kybxFtfkefPJSxCPxpeGCOtUAvTHHTeNFFQYGaE0hDVXYUVum83iS', 'gYghTMBHxR0DxcWQ0IM02PWuI3f8A4VWGipHEIXlm8stmT9XFgfB8GznHi0O', 1, '2018-05-28 09:42:25', '2018-06-06 21:04:07');
INSERT INTO `kythuatvien` VALUES (3, 'KTV03', NULL, 'Kythuatvien Three', 'kythuatvien03@gmail.com', '$2y$10$8iCMgiew0WS4lzqLtwuna.k3/bN9c.49t1rtLmTU24LBI/BNf55F6', 'jsHmi5jQhSJcLLqVjT7Uwe6YJtfOO46HZCSZqmZL18ZaITK8Y5vfgveRjRVY', 1, '2018-05-28 09:43:10', '2018-05-29 14:41:23');
INSERT INTO `kythuatvien` VALUES (4, 'KTV04', NULL, 'Trn Cao Minh Thip Pho', 'kythuatvien04@gmail.com', '$2y$10$wZb02dyOzoM/VFF8gZBahOpURTCATuYP0aJQN3yuKIhiIvL4eKNDe', NULL, 0, '2018-05-29 12:09:30', '2018-05-31 16:35:12');
INSERT INTO `kythuatvien` VALUES (6, 'KTV05', NULL, 'KTV05', 'kythuatvien05@gmail.com', '$2y$10$nvZlG9BtCDKOKkfK8zC4a.wzYZE.tN1LC7ja/zMHr5fXl34rwAluy', 'apm3rIdmxUifAyF93JYYKCvX2bZ38ZIy8wD7p7PSrU5bSEImL24FnLCeUtnw', 0, '2018-06-05 23:28:57', '2018-06-05 23:54:17');
INSERT INTO `kythuatvien` VALUES (7, 'KTV06', NULL, 'Cng ngh Si Gn 1', 'kythuatvien06@gmail.com', '$2y$10$3Pt5Z7hNAgE3P3nY5wRV/u6bDSGK9241GpvWzQbOUpJYuCmOA9kjy', NULL, 0, '2018-06-07 23:52:49', '2018-06-07 23:54:47');

-- ----------------------------
-- Table structure for lop
-- ----------------------------
DROP TABLE IF EXISTS `lop`;
CREATE TABLE `lop`  (
  `id` int(10) NOT NULL AUTO_INCREMENT,
  `tenlop` varchar(20) CHARACTER SET utf8 COLLATE utf8_general_ci NULL DEFAULT NULL,
  `siso` int(5) NULL DEFAULT NULL,
  PRIMARY KEY (`id`) USING BTREE
) ENGINE = MyISAM AUTO_INCREMENT = 4 CHARACTER SET = utf8 COLLATE = utf8_general_ci ROW_FORMAT = Dynamic;

-- ----------------------------
-- Records of lop
-- ----------------------------
INSERT INTO `lop` VALUES (1, 'D14_TH01', 35);
INSERT INTO `lop` VALUES (2, 'D14_TH02', 30);

-- ----------------------------
-- Table structure for may
-- ----------------------------
DROP TABLE IF EXISTS `may`;
CREATE TABLE `may`  (
  `id` int(10) NOT NULL AUTO_INCREMENT,
  `sothutumay` varchar(6) CHARACTER SET utf8 COLLATE utf8_general_ci NULL DEFAULT NULL COMMENT 's th t ca tng my',
  `tinhtrang` int(1) NULL DEFAULT NULL,
  `phongmay_id` int(11) NULL DEFAULT NULL COMMENT 'mt phng my c nhiu my',
  `slug` varchar(6) CHARACTER SET utf8 COLLATE utf8_general_ci NOT NULL,
  PRIMARY KEY (`id`, `slug`) USING BTREE
) ENGINE = MyISAM AUTO_INCREMENT = 73 CHARACTER SET = utf8 COLLATE = utf8_general_ci ROW_FORMAT = Dynamic;

-- ----------------------------
-- Records of may
-- ----------------------------
INSERT INTO `may` VALUES (44, 'P1_01', 0, 17, 'p1-01');
INSERT INTO `may` VALUES (45, 'P1_02', 0, 17, 'p1-02');
INSERT INTO `may` VALUES (46, 'P1_03', 0, 17, 'p1-03');
INSERT INTO `may` VALUES (47, 'P1_04', 0, 17, 'p1-04');
INSERT INTO `may` VALUES (61, 'P4_01', 0, 20, 'p4-01');
INSERT INTO `may` VALUES (49, 'P2_01', 0, 18, 'p2-01');
INSERT INTO `may` VALUES (50, 'P2_02', 0, 18, 'p2-02');
INSERT INTO `may` VALUES (51, 'P2_03', 0, 18, 'p2-03');
INSERT INTO `may` VALUES (55, 'P3_01', 1, 19, 'p3-01');
INSERT INTO `may` VALUES (56, 'P3_02', 0, 19, 'p3-02');
INSERT INTO `may` VALUES (57, 'P3_03', 0, 19, 'p3-03');
INSERT INTO `may` VALUES (58, 'P3_04', 0, 19, 'p3-04');
INSERT INTO `may` VALUES (63, 'P5_01', 0, 21, 'p5-01');
INSERT INTO `may` VALUES (62, 'P4_02', 0, 20, 'p4-02');
INSERT INTO `may` VALUES (64, 'P5_02', 0, 21, 'p5-02');
INSERT INTO `may` VALUES (65, 'P6_01', 0, 22, 'p6-01');
INSERT INTO `may` VALUES (66, 'P6_02', 0, 22, 'p6-02');
INSERT INTO `may` VALUES (67, 'P7_01', 0, 23, 'p7-01');
INSERT INTO `may` VALUES (68, 'P7_02', 0, 23, 'p7-02');
INSERT INTO `may` VALUES (69, 'P8_01', 0, 24, 'p8-01');
INSERT INTO `may` VALUES (70, 'P8_02', 0, 24, 'p8-02');
INSERT INTO `may` VALUES (71, 'P9_01', 0, 25, 'p9-01');
INSERT INTO `may` VALUES (72, 'P9_02', 0, 25, 'p9-02');

-- ----------------------------
-- Table structure for migrations
-- ----------------------------
DROP TABLE IF EXISTS `migrations`;
CREATE TABLE `migrations`  (
  `id` int(10) UNSIGNED NOT NULL AUTO_INCREMENT,
  `migration` varchar(191) CHARACTER SET utf8mb4 COLLATE utf8mb4_unicode_ci NOT NULL,
  `batch` int(11) NOT NULL,
  PRIMARY KEY (`id`) USING BTREE
) ENGINE = MyISAM AUTO_INCREMENT = 6 CHARACTER SET = utf8mb4 COLLATE = utf8mb4_unicode_ci ROW_FORMAT = Dynamic;

-- ----------------------------
-- Records of migrations
-- ----------------------------
INSERT INTO `migrations` VALUES (1, '2014_10_12_000000_create_users_table', 1);
INSERT INTO `migrations` VALUES (2, '2014_10_12_100000_create_password_resets_table', 1);
INSERT INTO `migrations` VALUES (3, '2018_05_16_072056_create_giangvien_table', 1);
INSERT INTO `migrations` VALUES (4, '2018_05_16_072208_create_kythuatvien_table', 1);
INSERT INTO `migrations` VALUES (5, '2018_07_03_180635_create_admins_table', 2);

-- ----------------------------
-- Table structure for monhoc
-- ----------------------------
DROP TABLE IF EXISTS `monhoc`;
CREATE TABLE `monhoc`  (
  `id` int(11) NOT NULL AUTO_INCREMENT,
  `mamonhoc` varchar(15) CHARACTER SET utf8 COLLATE utf8_general_ci NOT NULL,
  `tenmonhoc` varchar(255) CHARACTER SET utf8 COLLATE utf8_general_ci NULL DEFAULT NULL,
  `ngaybatdau` date NULL DEFAULT NULL,
  `ngayketthuc` date NULL DEFAULT NULL,
  PRIMARY KEY (`id`, `mamonhoc`) USING BTREE
) ENGINE = MyISAM AUTO_INCREMENT = 28 CHARACTER SET = utf8 COLLATE = utf8_general_ci ROW_FORMAT = Dynamic;

-- ----------------------------
-- Records of monhoc
-- ----------------------------
INSERT INTO `monhoc` VALUES (8, '1THLTCN003', 'An ninh my tnh', '2018-01-22', '2018-04-15');
INSERT INTO `monhoc` VALUES (9, '1THLTCN004', 'Thc tp An ninh my tnh', '2018-04-16', '2018-05-27');
INSERT INTO `monhoc` VALUES (10, 'TAM_TH_03', ' ha ng dng', '2018-01-22', '2018-05-06');
INSERT INTO `monhoc` VALUES (11, 'GS15002', 'Thc hnh Tin hc i cng', '2018-01-15', '2018-05-27');
INSERT INTO `monhoc` VALUES (12, 'TAM_TH_19', 'Thc hnh Lp trnh ng dng c s d liu', '2018-02-26', '2018-05-06');
INSERT INTO `monhoc` VALUES (13, 'TAM_TH_2', 'Thc hnh Nhp mn lp trnh', '2018-02-26', '2018-05-06');
INSERT INTO `monhoc` VALUES (14, 'TAM_TH_23', 'Qun tr mng', '2018-01-22', '2018-04-15');
INSERT INTO `monhoc` VALUES (15, 'TAM_TH_15', 'Thc hnh Cu trc d liu v thut gii', '2018-02-26', '2018-05-06');
INSERT INTO `monhoc` VALUES (16, '1THCHCN016', 'Trin khai H thng thng tin', '2018-01-22', '2018-03-04');
INSERT INTO `monhoc` VALUES (17, '2THPMCN012', 'Trin khai H thng thng tin', '2018-01-15', '2018-02-04');
INSERT INTO `monhoc` VALUES (18, '1THWECN002', 'Thc hnh Qun tr c s d liu', '2018-02-26', '2018-05-06');
INSERT INTO `monhoc` VALUES (19, 'TAM_TH_16', 'Thc hnh C s d liu', '2018-03-05', '2018-05-13');
INSERT INTO `monhoc` VALUES (20, 'TAM_TH_06', 'Chuyn  t chn 1', '2018-04-16', '2018-05-20');
INSERT INTO `monhoc` VALUES (21, 'TAM_TH_08', 'Thc hnh Chuyn  t chn 1', '2018-03-05', '2018-05-13');
INSERT INTO `monhoc` VALUES (22, 'TAM_TH_17', 'Thc hnh H iu hnh', '2018-02-26', '2018-05-06');
INSERT INTO `monhoc` VALUES (23, '2THTTTN001', 'Thc tp tt nghip', '2018-03-26', '2018-04-22');
INSERT INTO `monhoc` VALUES (24, 'TAM_TH_05', 'Tin hc ng dng', '2018-01-15', '2018-04-08');
INSERT INTO `monhoc` VALUES (25, 'TAM_TH_04', 'Thc hnh Tin hc ng dng', '2018-04-09', '2018-05-27');
INSERT INTO `monhoc` VALUES (26, 'TAM_TH_21', 'Thc hnh Nhp mn Web v ng dng', '2018-02-26', '2018-05-13');
INSERT INTO `monhoc` VALUES (27, 'TAM_TH_09', 'Thc hnh Nhp mn lp trnh Web', '2018-03-05', '2018-05-13');

-- ----------------------------
-- Table structure for nhomlop
-- ----------------------------
DROP TABLE IF EXISTS `nhomlop`;
CREATE TABLE `nhomlop`  (
  `id` int(11) NOT NULL AUTO_INCREMENT,
  `nhomlop` varchar(255) CHARACTER SET utf8mb4 COLLATE utf8mb4_general_ci NULL DEFAULT NULL,
  `siso` int(8) NULL DEFAULT NULL,
  `hocky_id` int(10) NULL DEFAULT NULL,
  PRIMARY KEY (`id`) USING BTREE
) ENGINE = MyISAM AUTO_INCREMENT = 185 CHARACTER SET = utf8mb4 COLLATE = utf8mb4_general_ci ROW_FORMAT = Dynamic;

-- ----------------------------
-- Records of nhomlop
-- ----------------------------
INSERT INTO `nhomlop` VALUES (1, 'D15_TH03 D15_TH04 ', 25, 7);
INSERT INTO `nhomlop` VALUES (2, 'D15_TH05 ', 21, 7);
INSERT INTO `nhomlop` VALUES (3, 'D15_TH01 D15_TH02 ', 25, 7);
INSERT INTO `nhomlop` VALUES (4, 'D15_TH01 D15_TH06 D15_TH07 D15_TH08 ', 26, 7);
INSERT INTO `nhomlop` VALUES (5, 'D15_TH09 D15_TH10 ', 20, 7);
INSERT INTO `nhomlop` VALUES (6, 'C17_TH01-1 ', 18, 7);
INSERT INTO `nhomlop` VALUES (7, 'C17_TH01-2 ', 18, 7);
INSERT INTO `nhomlop` VALUES (8, 'D17_QT13-1 ', 19, 7);
INSERT INTO `nhomlop` VALUES (9, 'D17_QT07-2 ', 24, 7);
INSERT INTO `nhomlop` VALUES (10, 'D17_QT02-2 ', 20, 7);
INSERT INTO `nhomlop` VALUES (11, 'D17_QT01-2 ', 26, 7);
INSERT INTO `nhomlop` VALUES (12, 'D15_TH09-2 ', 21, 7);
INSERT INTO `nhomlop` VALUES (13, 'D15_TH05 D15_TH06 ', 17, 7);
INSERT INTO `nhomlop` VALUES (14, 'D15_TH01-2 ', 25, 7);
INSERT INTO `nhomlop` VALUES (15, 'D15_TH04 ', 20, 7);
INSERT INTO `nhomlop` VALUES (16, 'D15_TH06-2 ', 18, 7);
INSERT INTO `nhomlop` VALUES (17, 'D17_TH02-2 ', 20, 7);
INSERT INTO `nhomlop` VALUES (18, 'D17_TH02-1 ', 20, 7);
INSERT INTO `nhomlop` VALUES (19, 'D17_TH04-2 ', 21, 7);
INSERT INTO `nhomlop` VALUES (20, 'D17_TH04-1 ', 21, 7);
INSERT INTO `nhomlop` VALUES (21, 'D17_TH08-2 ', 21, 7);
INSERT INTO `nhomlop` VALUES (22, 'D17_TH08-1 ', 21, 7);
INSERT INTO `nhomlop` VALUES (23, 'D17_TH09-2 ', 20, 7);
INSERT INTO `nhomlop` VALUES (24, 'D17_TH09-1 ', 20, 7);
INSERT INTO `nhomlop` VALUES (25, 'D15_TH07 ', 22, 7);
INSERT INTO `nhomlop` VALUES (26, 'D15_TH10-2 ', 21, 7);
INSERT INTO `nhomlop` VALUES (27, 'D15_TH08 ', 20, 7);
INSERT INTO `nhomlop` VALUES (28, 'D17_QT14-1 ', 21, 7);
INSERT INTO `nhomlop` VALUES (29, 'D17_QT14-2 ', 21, 7);
INSERT INTO `nhomlop` VALUES (30, 'D17_QT04-1 ', 20, 7);
INSERT INTO `nhomlop` VALUES (31, 'D17_QT06-2 ', 25, 7);
INSERT INTO `nhomlop` VALUES (32, 'C17_QT01-1 ', 24, 7);
INSERT INTO `nhomlop` VALUES (33, 'D17_QT05 D17_QT06 ', 25, 7);
INSERT INTO `nhomlop` VALUES (34, 'D17_TH10-2 ', 21, 7);
INSERT INTO `nhomlop` VALUES (35, 'D17_TH10-1 ', 21, 7);
INSERT INTO `nhomlop` VALUES (36, 'D17_QT13-2 ', 19, 7);
INSERT INTO `nhomlop` VALUES (37, 'D16_TH09-2 ', 21, 7);
INSERT INTO `nhomlop` VALUES (38, 'D16_TH09 D16_TH10 ', 22, 7);
INSERT INTO `nhomlop` VALUES (39, 'D15_TH02-2 ', 25, 7);
INSERT INTO `nhomlop` VALUES (40, 'D15_TH03 ', 27, 7);
INSERT INTO `nhomlop` VALUES (41, 'D15_TH05-2 ', 18, 7);
INSERT INTO `nhomlop` VALUES (42, 'D17_QT11-1 ', 21, 7);
INSERT INTO `nhomlop` VALUES (43, 'D17_QT12-1 ', 18, 7);
INSERT INTO `nhomlop` VALUES (44, 'D17_QT10-1 ', 19, 7);
INSERT INTO `nhomlop` VALUES (45, 'D17_QT10-2 ', 19, 7);
INSERT INTO `nhomlop` VALUES (46, 'D17_QT02-1 ', 20, 7);
INSERT INTO `nhomlop` VALUES (47, 'D17_QT01-1 ', 26, 7);
INSERT INTO `nhomlop` VALUES (48, 'D14_TH01 D14_TH02 D14_TH03 ', 24, 7);
INSERT INTO `nhomlop` VALUES (49, 'D14_TH04 D14_TH05 D14_TH06 ', 21, 7);
INSERT INTO `nhomlop` VALUES (50, 'C15_TH01 ', 22, 7);
INSERT INTO `nhomlop` VALUES (51, 'D17_QT09-1 ', 20, 7);
INSERT INTO `nhomlop` VALUES (52, 'D17_QT09-2 ', 20, 7);
INSERT INTO `nhomlop` VALUES (53, 'D16_TH10-2 ', 21, 7);
INSERT INTO `nhomlop` VALUES (54, 'D16_TH03-2 ', 21, 7);
INSERT INTO `nhomlop` VALUES (55, 'D16_TH03 D16_TH04 ', 21, 7);
INSERT INTO `nhomlop` VALUES (56, 'D17_TH06-2 ', 19, 7);
INSERT INTO `nhomlop` VALUES (57, 'D17_TH06-1 ', 19, 7);
INSERT INTO `nhomlop` VALUES (58, 'D16_TH01 D16_TH02 ', 22, 7);
INSERT INTO `nhomlop` VALUES (59, 'D16_TH02-2 ', 23, 7);
INSERT INTO `nhomlop` VALUES (60, 'D15_TH09 ', 24, 7);
INSERT INTO `nhomlop` VALUES (61, 'D15_TH07 D15_TH08 ', 28, 7);
INSERT INTO `nhomlop` VALUES (62, 'D16_TH04-2 ', 21, 7);
INSERT INTO `nhomlop` VALUES (63, 'C16_TH01 ', 19, 7);
INSERT INTO `nhomlop` VALUES (64, 'D15_TH03 D15_TH05 ', 23, 7);
INSERT INTO `nhomlop` VALUES (65, 'D15_TH06 ', 15, 7);
INSERT INTO `nhomlop` VALUES (66, 'D16_TH01-2 ', 23, 7);
INSERT INTO `nhomlop` VALUES (67, 'D16_TH01-3 ', 23, 7);
INSERT INTO `nhomlop` VALUES (68, 'D16_TH05 D16_TH06 ', 19, 7);
INSERT INTO `nhomlop` VALUES (69, 'D16_TH05-2 ', 20, 7);
INSERT INTO `nhomlop` VALUES (70, 'D16_TH06-2 ', 20, 7);
INSERT INTO `nhomlop` VALUES (71, 'D16_TH08 ', 24, 7);
INSERT INTO `nhomlop` VALUES (72, 'D16_TH07 ', 24, 7);
INSERT INTO `nhomlop` VALUES (73, 'D15_TH01 ', 29, 7);
INSERT INTO `nhomlop` VALUES (74, 'D15_TH02 D15_TH04 ', 25, 7);
INSERT INTO `nhomlop` VALUES (75, 'D15_TH10 ', 19, 7);
INSERT INTO `nhomlop` VALUES (76, 'D17_QT07 D17_QT08 ', 24, 7);
INSERT INTO `nhomlop` VALUES (77, 'D17_QT05-2 ', 25, 7);
INSERT INTO `nhomlop` VALUES (78, 'D17_QT11-2 ', 21, 7);
INSERT INTO `nhomlop` VALUES (79, 'D17_QT12-2 ', 18, 7);
INSERT INTO `nhomlop` VALUES (80, 'D17_QT03-1 ', 21, 7);
INSERT INTO `nhomlop` VALUES (81, 'D17_QT03-2 ', 21, 7);
INSERT INTO `nhomlop` VALUES (82, 'D17_QT04-2 ', 20, 7);
INSERT INTO `nhomlop` VALUES (83, 'D17_TH05-2 ', 21, 7);
INSERT INTO `nhomlop` VALUES (84, 'D17_TH05-1 ', 21, 7);
INSERT INTO `nhomlop` VALUES (85, 'D17_TH07-2 ', 22, 7);
INSERT INTO `nhomlop` VALUES (86, 'D17_TH07-1 ', 22, 7);
INSERT INTO `nhomlop` VALUES (87, 'C17_QT01-2 ', 24, 7);
INSERT INTO `nhomlop` VALUES (88, 'D17_TH01-1 ', 25, 7);
INSERT INTO `nhomlop` VALUES (89, 'D17_TH01-2 ', 25, 7);
INSERT INTO `nhomlop` VALUES (90, 'D17_TH03-2 ', 23, 7);
INSERT INTO `nhomlop` VALUES (91, 'D17_TH03-1 ', 23, 7);
INSERT INTO `nhomlop` VALUES (92, 'D17_QT08-2 ', 24, 7);
INSERT INTO `nhomlop` VALUES (93, 'D15_TH03 D15_TH04 ', 25, 3);
INSERT INTO `nhomlop` VALUES (94, 'D15_TH05 ', 21, 3);
INSERT INTO `nhomlop` VALUES (95, 'D15_TH01 D15_TH02 ', 25, 3);
INSERT INTO `nhomlop` VALUES (96, 'D15_TH01 D15_TH06 D15_TH07 D15_TH08 ', 26, 3);
INSERT INTO `nhomlop` VALUES (97, 'D15_TH09 D15_TH10 ', 20, 3);
INSERT INTO `nhomlop` VALUES (98, 'C17_TH01-1 ', 18, 3);
INSERT INTO `nhomlop` VALUES (99, 'C17_TH01-2 ', 18, 3);
INSERT INTO `nhomlop` VALUES (100, 'D17_QT13-1 ', 19, 3);
INSERT INTO `nhomlop` VALUES (101, 'D17_QT07-2 ', 24, 3);
INSERT INTO `nhomlop` VALUES (102, 'D17_QT02-2 ', 20, 3);
INSERT INTO `nhomlop` VALUES (103, 'D17_QT01-2 ', 26, 3);
INSERT INTO `nhomlop` VALUES (104, 'D15_TH09-2 ', 21, 3);
INSERT INTO `nhomlop` VALUES (105, 'D15_TH05 D15_TH06 ', 17, 3);
INSERT INTO `nhomlop` VALUES (106, 'D15_TH01-2 ', 25, 3);
INSERT INTO `nhomlop` VALUES (107, 'D15_TH04 ', 20, 3);
INSERT INTO `nhomlop` VALUES (108, 'D15_TH06-2 ', 18, 3);
INSERT INTO `nhomlop` VALUES (109, 'D17_TH02-2 ', 20, 3);
INSERT INTO `nhomlop` VALUES (110, 'D17_TH02-1 ', 20, 3);
INSERT INTO `nhomlop` VALUES (111, 'D17_TH04-2 ', 21, 3);
INSERT INTO `nhomlop` VALUES (112, 'D17_TH04-1 ', 21, 3);
INSERT INTO `nhomlop` VALUES (113, 'D17_TH08-2 ', 21, 3);
INSERT INTO `nhomlop` VALUES (114, 'D17_TH08-1 ', 21, 3);
INSERT INTO `nhomlop` VALUES (115, 'D17_TH09-2 ', 20, 3);
INSERT INTO `nhomlop` VALUES (116, 'D17_TH09-1 ', 20, 3);
INSERT INTO `nhomlop` VALUES (117, 'D15_TH07 ', 22, 3);
INSERT INTO `nhomlop` VALUES (118, 'D15_TH10-2 ', 21, 3);
INSERT INTO `nhomlop` VALUES (119, 'D15_TH08 ', 20, 3);
INSERT INTO `nhomlop` VALUES (120, 'D17_QT14-1 ', 21, 3);
INSERT INTO `nhomlop` VALUES (121, 'D17_QT14-2 ', 21, 3);
INSERT INTO `nhomlop` VALUES (122, 'D17_QT04-1 ', 20, 3);
INSERT INTO `nhomlop` VALUES (123, 'D17_QT06-2 ', 25, 3);
INSERT INTO `nhomlop` VALUES (124, 'C17_QT01-1 ', 24, 3);
INSERT INTO `nhomlop` VALUES (125, 'D17_QT05 D17_QT06 ', 25, 3);
INSERT INTO `nhomlop` VALUES (126, 'D17_TH10-2 ', 21, 3);
INSERT INTO `nhomlop` VALUES (127, 'D17_TH10-1 ', 21, 3);
INSERT INTO `nhomlop` VALUES (128, 'D17_QT13-2 ', 19, 3);
INSERT INTO `nhomlop` VALUES (129, 'D16_TH09-2 ', 21, 3);
INSERT INTO `nhomlop` VALUES (130, 'D16_TH09 D16_TH10 ', 22, 3);
INSERT INTO `nhomlop` VALUES (131, 'D15_TH02-2 ', 25, 3);
INSERT INTO `nhomlop` VALUES (132, 'D15_TH03 ', 27, 3);
INSERT INTO `nhomlop` VALUES (133, 'D15_TH05-2 ', 18, 3);
INSERT INTO `nhomlop` VALUES (134, 'D17_QT11-1 ', 21, 3);
INSERT INTO `nhomlop` VALUES (135, 'D17_QT12-1 ', 18, 3);
INSERT INTO `nhomlop` VALUES (136, 'D17_QT10-1 ', 19, 3);
INSERT INTO `nhomlop` VALUES (137, 'D17_QT10-2 ', 19, 3);
INSERT INTO `nhomlop` VALUES (138, 'D17_QT02-1 ', 20, 3);
INSERT INTO `nhomlop` VALUES (139, 'D17_QT01-1 ', 26, 3);
INSERT INTO `nhomlop` VALUES (140, 'D14_TH01 D14_TH02 D14_TH03 ', 24, 3);
INSERT INTO `nhomlop` VALUES (141, 'D14_TH04 D14_TH05 D14_TH06 ', 21, 3);
INSERT INTO `nhomlop` VALUES (142, 'C15_TH01 ', 22, 3);
INSERT INTO `nhomlop` VALUES (143, 'D17_QT09-1 ', 20, 3);
INSERT INTO `nhomlop` VALUES (144, 'D17_QT09-2 ', 20, 3);
INSERT INTO `nhomlop` VALUES (145, 'D16_TH10-2 ', 21, 3);
INSERT INTO `nhomlop` VALUES (146, 'D16_TH03-2 ', 21, 3);
INSERT INTO `nhomlop` VALUES (147, 'D16_TH03 D16_TH04 ', 21, 3);
INSERT INTO `nhomlop` VALUES (148, 'D17_TH06-2 ', 19, 3);
INSERT INTO `nhomlop` VALUES (149, 'D17_TH06-1 ', 19, 3);
INSERT INTO `nhomlop` VALUES (150, 'D16_TH01 D16_TH02 ', 22, 3);
INSERT INTO `nhomlop` VALUES (151, 'D16_TH02-2 ', 23, 3);
INSERT INTO `nhomlop` VALUES (152, 'D15_TH09 ', 24, 3);
INSERT INTO `nhomlop` VALUES (153, 'D15_TH07 D15_TH08 ', 28, 3);
INSERT INTO `nhomlop` VALUES (154, 'D16_TH04-2 ', 21, 3);
INSERT INTO `nhomlop` VALUES (155, 'C16_TH01 ', 19, 3);
INSERT INTO `nhomlop` VALUES (156, 'D15_TH03 D15_TH05 ', 23, 3);
INSERT INTO `nhomlop` VALUES (157, 'D15_TH06 ', 15, 3);
INSERT INTO `nhomlop` VALUES (158, 'D16_TH01-2 ', 23, 3);
INSERT INTO `nhomlop` VALUES (159, 'D16_TH01-3 ', 23, 3);
INSERT INTO `nhomlop` VALUES (160, 'D16_TH05 D16_TH06 ', 19, 3);
INSERT INTO `nhomlop` VALUES (161, 'D16_TH05-2 ', 20, 3);
INSERT INTO `nhomlop` VALUES (162, 'D16_TH06-2 ', 20, 3);
INSERT INTO `nhomlop` VALUES (163, 'D16_TH08 ', 24, 3);
INSERT INTO `nhomlop` VALUES (164, 'D16_TH07 ', 24, 3);
INSERT INTO `nhomlop` VALUES (165, 'D15_TH01 ', 29, 3);
INSERT INTO `nhomlop` VALUES (166, 'D15_TH02 D15_TH04 ', 25, 3);
INSERT INTO `nhomlop` VALUES (167, 'D15_TH10 ', 19, 3);
INSERT INTO `nhomlop` VALUES (168, 'D17_QT07 D17_QT08 ', 24, 3);
INSERT INTO `nhomlop` VALUES (169, 'D17_QT05-2 ', 25, 3);
INSERT INTO `nhomlop` VALUES (170, 'D17_QT11-2 ', 21, 3);
INSERT INTO `nhomlop` VALUES (171, 'D17_QT12-2 ', 18, 3);
INSERT INTO `nhomlop` VALUES (172, 'D17_QT03-1 ', 21, 3);
INSERT INTO `nhomlop` VALUES (173, 'D17_QT03-2 ', 21, 3);
INSERT INTO `nhomlop` VALUES (174, 'D17_QT04-2 ', 20, 3);
INSERT INTO `nhomlop` VALUES (175, 'D17_TH05-2 ', 21, 3);
INSERT INTO `nhomlop` VALUES (176, 'D17_TH05-1 ', 21, 3);
INSERT INTO `nhomlop` VALUES (177, 'D17_TH07-2 ', 22, 3);
INSERT INTO `nhomlop` VALUES (178, 'D17_TH07-1 ', 22, 3);
INSERT INTO `nhomlop` VALUES (179, 'C17_QT01-2 ', 24, 3);
INSERT INTO `nhomlop` VALUES (180, 'D17_TH01-1 ', 25, 3);
INSERT INTO `nhomlop` VALUES (181, 'D17_TH01-2 ', 25, 3);
INSERT INTO `nhomlop` VALUES (182, 'D17_TH03-2 ', 23, 3);
INSERT INTO `nhomlop` VALUES (183, 'D17_TH03-1 ', 23, 3);
INSERT INTO `nhomlop` VALUES (184, 'D17_QT08-2 ', 24, 3);

-- ----------------------------
-- Table structure for password_resets
-- ----------------------------
DROP TABLE IF EXISTS `password_resets`;
CREATE TABLE `password_resets`  (
  `email` varchar(191) CHARACTER SET utf8mb4 COLLATE utf8mb4_unicode_ci NOT NULL,
  `token` varchar(191) CHARACTER SET utf8mb4 COLLATE utf8mb4_unicode_ci NOT NULL,
  `created_at` timestamp(0) NULL DEFAULT NULL,
  INDEX `password_resets_email_index`(`email`) USING BTREE
) ENGINE = MyISAM CHARACTER SET = utf8mb4 COLLATE = utf8mb4_unicode_ci ROW_FORMAT = Dynamic;

-- ----------------------------
-- Table structure for phongmay
-- ----------------------------
DROP TABLE IF EXISTS `phongmay`;
CREATE TABLE `phongmay`  (
  `id` int(11) NOT NULL AUTO_INCREMENT COMMENT 'id phn bit da vo tn phng my',
  `slug` varchar(20) CHARACTER SET utf8 COLLATE utf8_general_ci NOT NULL,
  `tenphongmay` varchar(20) CHARACTER SET utf8 COLLATE utf8_general_ci NULL DEFAULT NULL COMMENT 'PM1, PM2, PM3,...',
  `soluongmay` int(2) NULL DEFAULT NULL COMMENT 's lng pc c trong phng',
  PRIMARY KEY (`id`, `slug`) USING BTREE
) ENGINE = MyISAM AUTO_INCREMENT = 26 CHARACTER SET = utf8 COLLATE = utf8_general_ci ROW_FORMAT = Dynamic;

-- ----------------------------
-- Records of phongmay
-- ----------------------------
INSERT INTO `phongmay` VALUES (18, 'pm2', 'PM2', 3);
INSERT INTO `phongmay` VALUES (19, 'pm3', 'PM3', 4);
INSERT INTO `phongmay` VALUES (17, 'pm1', 'PM1', 4);
INSERT INTO `phongmay` VALUES (23, 'pm7', 'PM7', 2);
INSERT INTO `phongmay` VALUES (22, 'pm6', 'PM6', 2);
INSERT INTO `phongmay` VALUES (21, 'pm5', 'PM5', 2);
INSERT INTO `phongmay` VALUES (20, 'pm4', 'PM4', 2);
INSERT INTO `phongmay` VALUES (24, 'pm8', 'PM8', 2);
INSERT INTO `phongmay` VALUES (25, 'pm9', 'PM9', 2);

-- ----------------------------
-- Table structure for thu
-- ----------------------------
DROP TABLE IF EXISTS `thu`;
CREATE TABLE `thu`  (
  `id` int(5) NOT NULL AUTO_INCREMENT,
  `tenthu` varchar(20) CHARACTER SET utf8 COLLATE utf8_general_ci NULL DEFAULT NULL COMMENT 'th hai, th ba, th t,...',
  PRIMARY KEY (`id`) USING BTREE
) ENGINE = MyISAM AUTO_INCREMENT = 9 CHARACTER SET = utf8 COLLATE = utf8_general_ci ROW_FORMAT = Dynamic;

-- ----------------------------
-- Records of thu
-- ----------------------------
INSERT INTO `thu` VALUES (2, 'Th hai');
INSERT INTO `thu` VALUES (3, 'Th ba');
INSERT INTO `thu` VALUES (4, 'Th t');
INSERT INTO `thu` VALUES (5, 'Th nm');
INSERT INTO `thu` VALUES (6, 'Th su');
INSERT INTO `thu` VALUES (7, 'Th by');
INSERT INTO `thu` VALUES (8, 'Ch nht');

-- ----------------------------
-- Table structure for tinhtrangmay
-- ----------------------------
DROP TABLE IF EXISTS `tinhtrangmay`;
CREATE TABLE `tinhtrangmay`  (
  `id` int(10) NOT NULL AUTO_INCREMENT,
  `ngayghinhan` datetime(6) NULL DEFAULT NULL,
  `mota_giangvien` text CHARACTER SET utf8mb4 COLLATE utf8mb4_general_ci NULL,
  `mota_kythuatvien` text CHARACTER SET utf8mb4 COLLATE utf8mb4_general_ci NULL,
  `may_id` int(10) NULL DEFAULT NULL,
  PRIMARY KEY (`id`) USING BTREE
) ENGINE = MyISAM AUTO_INCREMENT = 35 CHARACTER SET = utf8mb4 COLLATE = utf8mb4_general_ci ROW_FORMAT = Dynamic;

-- ----------------------------
-- Records of tinhtrangmay
-- ----------------------------
INSERT INTO `tinhtrangmay` VALUES (5, '2018-06-02 23:23:55.000000', 'Test02 Giangvien', NULL, 33);
INSERT INTO `tinhtrangmay` VALUES (34, '2018-06-25 22:40:24.000000', NULL, 'ok ang sa', 55);
INSERT INTO `tinhtrangmay` VALUES (33, '2018-06-20 00:12:08.000000', 'Sao cha sa li vy edit', NULL, 55);
INSERT INTO `tinhtrangmay` VALUES (32, '2018-06-20 00:11:44.000000', 'Hng ri cn phi sa li', NULL, 55);
INSERT INTO `tinhtrangmay` VALUES (24, '2018-06-07 22:00:36.000000', NULL, 'TEST', 32);
INSERT INTO `tinhtrangmay` VALUES (26, '2018-06-07 22:00:52.000000', NULL, 'TEST 4', 32);

-- ----------------------------
-- Table structure for tuanhoc
-- ----------------------------
DROP TABLE IF EXISTS `tuanhoc`;
CREATE TABLE `tuanhoc`  (
  `id` int(11) NOT NULL AUTO_INCREMENT,
  `tentuan` varchar(50) CHARACTER SET utf8mb4 COLLATE utf8mb4_general_ci NULL DEFAULT NULL,
  `ngaydautuan` date NULL DEFAULT NULL,
  `ngaycuoituan` date NULL DEFAULT NULL,
  `hocky_id` int(10) NULL DEFAULT NULL,
  PRIMARY KEY (`id`) USING BTREE
) ENGINE = MyISAM AUTO_INCREMENT = 1 CHARACTER SET = utf8mb4 COLLATE = utf8mb4_general_ci ROW_FORMAT = Dynamic;

-- ----------------------------
-- Table structure for users
-- ----------------------------
DROP TABLE IF EXISTS `users`;
CREATE TABLE `users`  (
  `id` int(10) UNSIGNED NOT NULL AUTO_INCREMENT,
  `name` varchar(191) CHARACTER SET utf8mb4 COLLATE utf8mb4_unicode_ci NOT NULL,
  `email` varchar(191) CHARACTER SET utf8mb4 COLLATE utf8mb4_unicode_ci NOT NULL,
  `password` varchar(191) CHARACTER SET utf8mb4 COLLATE utf8mb4_unicode_ci NOT NULL,
  `remember_token` varchar(100) CHARACTER SET utf8mb4 COLLATE utf8mb4_unicode_ci NULL DEFAULT NULL,
  `created_at` timestamp(0) NULL DEFAULT NULL,
  `updated_at` timestamp(0) NULL DEFAULT NULL,
  PRIMARY KEY (`id`) USING BTREE,
  UNIQUE INDEX `users_email_unique`(`email`) USING BTREE
) ENGINE = MyISAM AUTO_INCREMENT = 2 CHARACTER SET = utf8mb4 COLLATE = utf8mb4_unicode_ci ROW_FORMAT = Dynamic;

-- ----------------------------
-- Records of users
-- ----------------------------
INSERT INTO `users` VALUES (1, 'Admin', 'admin@admin.com', '$2y$10$ppbXPqqY2uUWdya0EItkDOuQzxtqGrWwGClMAMbztAGFQ0W/iUzFe', 'WFWbSECkpN5PxO6pm7LALs3N7RAOoF7zZ5aN79DCeCiy33US1aTh6KqBQ39F', '2018-05-16 07:34:36', '2018-05-16 07:34:36');

SET FOREIGN_KEY_CHECKS = 1;
